name,anime, hair-color, eye-color, age-group, hair-length, image
Kazumi Himekawa ,Welcome to Pia Carrot!! G.O. ~ Grand Open ~,Orange hair,Neck length,Green-eyes,Teen
Chihiro Midou,Welcome to Pia Carrot!! G.O. ~ Grand Open ~,Purple hair,Chest length,Purple-eyes,Adult
Misaki Tokiwa,Welcome to Pia Carrot!! G.O. ~ Grand Open ~,Blonde / Yellow hair,Neck length,Brown-eyes,Teen
Sana Horiushi,Welcome to Pia Carrot!! G.O. ~ Grand Open ~,Blonde / Yellow hair,Chest length,Blue-eyes,Teen
Fumika Riku ,Welcome to Pia Carrot!! G.O. ~ Grand Open ~,Blue / Green hair,Past Waist length,Blue-eyes,Teen
Kanae Yaegashi ,Welcome to Pia Carrot!! G.O. ~ Grand Open ~,Purple hair,Neck length,Pink-eyes,Teen
Koharu Isaka ,Welcome to Pia Carrot!! G.O. ~ Grand Open ~,Purple hair,Chest length,Pink-eyes,Teen
Miko Saimiyouji,Welcome to Pia Carrot!! G.O. ~ Grand Open ~,Maroon hair,Shoulders length,Purple-eyes,Teen
Tokiko Yamana ,Welcome to Pia Carrot!! G.O. ~ Grand Open ~,Green hair,Past Waist length,Brown-eyes,Adult
Rumi Kinoshita,Welcome to Pia Carrot!! G.O. ~ Grand Open ~,Blonde / Yellow hair,Waist length,Brown-eyes,Adult
Sumi Shirakuwa,Welcome to Pia Carrot!! G.O. ~ Grand Open ~,Pink hair,Past Waist length,Purple-eyes,Child
Mimori Kugahara,Welcome to Pia Carrot!! G.O. ~ Grand Open ~,Orange hair,Neck length,Blue-eyes,Teen
Mizuki Takayashiki ,Welcome to Pia Carrot!! G.O. ~ Grand Open ~,Maroon hair,Waist length,Blue / Green-eyes,Adult
Imari Hasumizu,Akai Canvas Series Nadeshiko ~Aka no Rasen~,Purple hair,Past Waist length,Red-eyes,Teen
Kanade Mugiho,Akai Canvas Series Nadeshiko ~Aka no Rasen~,Black hair,Shoulders length,Black-eyes,Teen
Rika Sasamine,Akai Canvas Series Nadeshiko ~Aka no Rasen~,Orange hair,Neck length,Blue-eyes,Teen
Satsuki Kagurazaka,Akai Canvas Series Nadeshiko ~Aka no Rasen~,Blonde / Yellow hair,Chest length,Purple-eyes,Teen
Aruruu,Utawarerumono,Black hair,Shoulders length,Brown-eyes,Child
Benawi,Utawarerumono,Black hair,Neck length,Green-eyes,Adult
Dori,Utawarerumono,Black hair,Shoulders length,Purple-eyes,Teen
Eruruu,Utawarerumono,Black hair,Chest length,Brown-eyes,Teen
Gura,Utawarerumono,Black hair,Shoulders length,Blue-eyes,Teen
Hakuoro,Utawarerumono,Black hair,Shoulders length,Black-eyes,Adult
Kamyu,Utawarerumono,Gray hair,Neck length,Blue-eyes,Teen
Karurauatsuurei,Utawarerumono,Blue hair,Chest length,Purple-eyes,Adult
Kurou,Utawarerumono,Blue hair,Ears length,Black-eyes,Adult
Oboro,Utawarerumono,Black hair,Neck length,Black-eyes,Teen
Sopoku,Utawarerumono,Blonde / Yellow hair,Neck length,Green-eyes,Adult
Teoro,Utawarerumono,Brown hair,Ears length,Brown-eyes,Adult
Touka,Utawarerumono,Purple hair,Past Waist length,Blue-eyes,Teen
Tusukuru,Utawarerumono,White hair,Shoulders length,Gray-eyes,Senior
Urtoriy,Utawarerumono,Blonde / Yellow hair,Chest length,Blue-eyes,Adult
Yuzuha,Utawarerumono,Black hair,Chest length,Not Visible-eyes,Teen
Alto,EVE ~New Generation X~,Black hair,Neck length,Green-eyes,Teen
Effy,EVE ~New Generation X~,Brown hair,Chest length,Red-eyes,Adult
Kojiro Amagi,EVE ~New Generation X~,Purple hair,Neck length,Not Visible-eyes,Adult
Kyoko Himura,EVE ~New Generation X~,Blue hair,Past Waist length,Blue-eyes,Adult
Marina Houjuu,EVE ~New Generation X~,Pink hair,Shoulders length,Green-eyes,Adult
Michael Belstein,EVE ~New Generation X~,Blonde / Yellow hair,Ears length,Blue-eyes,Adult
Minayo Shoumoto,EVE ~New Generation X~,Brown hair,Waist length,Brown-eyes,Adult
Miroku Himuro,EVE ~New Generation X~,Black hair,Chest length,Black-eyes,Adult
Noi,EVE ~New Generation X~,Black hair,Waist length,Green-eyes,Teen
Saburou Kouno,EVE ~New Generation X~,Brown hair,Ears length,Brown-eyes,Senior
Yayoi Katsuragi,EVE ~New Generation X~,Gray hair,Waist length,Red-eyes,Adult
Haruko Kamio,Air,Pink hair,Past Waist length,Blue-eyes,Adult
Hijiri Kirishima,Air,Purple hair,Past Waist length,Green-eyes,Adult
Keisuke Tachibana,Air,Brown hair,Neck length,Blue-eyes,Adult
Kano Kirishima,Air,Purple hair,Ears length,Green-eyes,Teen
Michiru,Air,Red hair,Past Waist length,Yellow-eyes,Child
Minagi Tohno,Air,Gray hair,Chest length,Pink-eyes,Teen
Misuzu Kamio,Air,Blonde / Yellow hair,Waist length,Blue-eyes,Teen
Yukito Kunisaki,Air,Gray hair,Neck length,Yellow-eyes,Teen
Kouko Ibuki,Clannad,Brown hair,Neck length,Red-eyes,Teen
Fuuko Ibuki,Clannad,Gray hair,Waist length,Yellow-eyes,Teen
Kotomi Ichinose,Clannad,Purple hair,Chest length,Purple-eyes,Teen
Yukine Miyazawa,Clannad,Brown hair,Chest length,Purple-eyes,Teen
Akio Furukawa,Clannad,Purple hair,Neck length,Brown-eyes,Adult
Nagisa Furukawa,Clannad,Brown hair,Shoulders length,Brown-eyes,Teen
Sanae Furukawa,Clannad,Brown hair,Waist length,Brown-eyes,Adult
Tomoyo Sakagami,Clannad,Gray hair,Past Waist length,Blue-eyes,Teen
Mei Sunohara,Clannad,Black hair,Shoulders length,Brown-eyes,Child
Misae Sagara,Clannad,Blue hair,Shoulders length,Yellow-eyes,Adult
Kyou Fujibayashi,Clannad,Purple hair,Past Waist length,Purple-eyes,Teen
Ryou Fujibayashi,Clannad,Purple hair,Neck length,Blue-eyes,Teen
Haruka Saigusa,Little Busters!,Purple hair,Past Waist length,Blue-eyes,Teen
Komari Kamikita,Little Busters!,Blonde / Yellow hair,Neck length,Blue / Green-eyes,Child
Mio Nishizono,Little Busters!,Blue hair,Shoulders length,Orange-eyes,Teen
Kudryavka Noumi,Little Busters!,Blonde / Yellow hair,Past Waist length,Blue-eyes,Child
Yuiko Kurugaya,Little Busters!,Black hair,Past Waist length,Purple-eyes,Teen
Rin Natsume,Little Busters!,Brown hair,Past Waist length,Red-eyes,Teen
Rinka Hokazono,Gift,Black hair,Past Waist length,Blue-eyes,Teen
Miyu Akihara,Gift -prism-,Blue hair,Ears length,Purple-eyes,Teen
Riko Fukamine,Gift,Pink hair,Past Waist length,Blue-eyes,Teen
Yukari Kamishiro,Gift,White hair,Past Waist length,Purple-eyes,Teen
Sena Asakawa,Gift -prism-,Red hair,Waist length,Blue-eyes,Teen
Chisa Fujimiya,Gift,Blonde / Yellow hair,Past Waist length,Purple-eyes,Teen
Nene Himekura,Gift -prism-,Blonde / Yellow hair,Past Waist length,Blue-eyes,Teen
Kirino Konosaka,Gift,Brown hair,Shoulders length,Red-eyes,Teen
Adiramu,Lightning Warrior Raidy 2 : ~ Temple Of Desire ~,Blue / Green hair,Past Waist length,Pink-eyes,Adult
Amura,Lightning Warrior Raidy 2 : ~ Temple Of Desire ~,Brown hair,Chest length,Blue-eyes,Teen
Fonfon,Lightning Warrior Raidy,Gray hair,Shoulders length,Yellow-eyes,Teen
Forres,Lightning Warrior Raidy,Green hair,Shoulders length,Pink-eyes,Teen
Gyabu,Lightning Warrior Raidy 2 : ~ Temple Of Desire ~,Purple hair,Chest length,Green-eyes,Adult
Horun,Lightning Warrior Raidy 2 : ~ Temple Of Desire ~,Pink hair,Past Waist length,Blue / Green-eyes,Teen
Shai,Lightning Warrior Raidy 2 : ~ Temple Of Desire ~,White hair,Past Waist length,Green-eyes,Adult
Jami,Lightning Warrior Raidy 2 : ~ Temple Of Desire ~,Gray hair,Chest length,Yellow-eyes,Adult
Shura,Lightning Warrior Raidy 2 : ~ Temple Of Desire ~,Green hair,Past Waist length,Yellow-eyes,Adult
Kurei,Lightning Warrior Raidy 2 : ~ Temple Of Desire ~,Pink hair,Chest length,Purple-eyes,Adult
Kyamiru,Lightning Warrior Raidy 2 : ~ Temple Of Desire ~,Black hair,Past Waist length,Yellow-eyes,Teen
Muriel,Lightning Warrior Raidy 2 : ~ Temple Of Desire ~,Green hair,Past Waist length,Blue-eyes,Adult
Raidy,Lightning Warrior Raidy,Pink hair,Past Waist length,Red-eyes,Adult
Rejiru,Lightning Warrior Raidy 2 : ~ Temple Of Desire ~,Brown hair,Past Waist length,Blue-eyes,Adult
Replicant,Lightning Warrior Raidy 2 : ~ Temple Of Desire ~,Pink hair,Past Waist length,Red-eyes,Adult
Resuti,Lightning Warrior Raidy 2 : ~ Temple Of Desire ~,Purple hair,Past Waist length,Pink-eyes,Adult
Rose,Lightning Warrior Raidy 2 : ~ Temple Of Desire ~,Blue / Green hair,Past Waist length,Yellow-eyes,Adult
Setia,Lightning Warrior Raidy 2 : ~ Temple Of Desire ~,Purple hair,Past Waist length,Orange-eyes,Teen
Sudia,Lightning Warrior Raidy 2 : ~ Temple Of Desire ~,Brown hair,Shoulders length,Yellow-eyes,Adult
Tisu,Lightning Warrior Raidy,Pink hair,Chest length,Red-eyes,Adult
Chamusu,Lightning Warrior Raidy 2 : ~ Temple Of Desire ~,Blonde / Yellow hair,Waist length,Green-eyes,Child
Shizuku Kurenai,Lightning Warrior Raidy 2 : ~ Temple Of Desire ~,Orange hair,Waist length,Green-eyes,Adult
Yuu Kanakogi,Koitore ~Ren-Ai Training~,Pink hair,Past Waist length,Green-eyes,Teen
Haato Kohinata,Koitore ~Ren-Ai Training~,Blonde / Yellow hair,Shoulders length,Brown-eyes,Teen
Komoe Asaka,Koitore ~Ren-Ai Training~,Blonde / Yellow hair,Ears length,Blue-eyes,Teen
Utaha Sawazaki,Koitore ~Ren-Ai Training~,White hair,Past Waist length,Red-eyes,Teen
Kouko Homura,Koitore ~Ren-Ai Training~,Purple hair,Past Waist length,Purple-eyes,Teen
Akiko Minase,Kanon,Purple hair,Past Waist length,Blue-eyes,Adult
Ayu Tsukimiya,Kanon,Orange hair,Shoulders length,Red-eyes,Teen
Kaori Misaka,Kanon,Brown hair,Waist length,Blue-eyes,Teen
Jun Kitagawa,Kanon,Blonde / Yellow hair,Ears length,Orange-eyes,Teen
Mai Kawasumi,Kanon,Purple hair,Past Waist length,Green-eyes,Teen
Makoto Sawatari,Kanon,Orange hair,Past Waist length,Blue-eyes,Teen
Mishio Amano,Kanon,Maroon hair,Neck length,Purple-eyes,Teen
Nayuki Minase,Kanon,Purple hair,Past Waist length,Blue-eyes,Teen
Sayuri Kurata,Kanon,Blonde / Yellow hair,Chest length,Orange-eyes,Teen
Shiori Misaka,Kanon,Brown hair,Shoulders length,Blue-eyes,Teen
Yuma Shichiri,HoneyComing,Purple hair,Neck length,Red-eyes,Teen
Mio Ogata,HoneyComing,Blue hair,Neck length,Blue-eyes,Teen
Asahi Kamijou,HoneyComing,Orange hair,Chest length,Blue-eyes,Teen
Satsuki Clarissa Maezono 'Clair',HoneyComing,Blonde / Yellow hair,Past Waist length,Pink-eyes,Teen
Marino Tagaya,HoneyComing,Blonde / Yellow hair,Shoulders length,Green-eyes,Teen
Hinata Futaba,Hoshiful ~Seitou Gakuen Tenmon Doukoukai~,Pink hair,Waist length,Green-eyes,Teen
Ruka Hoshikawa,Hoshiful ~Seitou Gakuen Tenmon Doukoukai~,Blonde / Yellow hair,Past Waist length,Green-eyes,Teen
Kotone Kusuhara,Hoshiful ~Seitou Gakuen Tenmon Doukoukai~,Orange hair,Past Waist length,Red-eyes,Teen
Ryumi Suzuki,Hoshiful ~Seitou Gakuen Tenmon Doukoukai~,Blue hair,Shoulders length,Purple-eyes,Teen
Mizuki Takatsuka,Hoshiful ~Seitou Gakuen Tenmon Doukoukai~,Pink hair,Shoulders length,Purple-eyes,Teen
Yukari Fujimi,Tsukushite Agerunoni!,Blonde / Yellow hair,Shoulders length,Red-eyes,Teen
Koharu Hachizuka,Tsukushite Agerunoni!,Pink hair,Shoulders length,Blue-eyes,Teen
Konatsu Hachizuka,Tsukushite Agerunoni!,Blue hair,Shoulders length,Blue-eyes,Teen
Mituki Irie,Tsukushite Agerunoni!,Brown hair,Past Waist length,Purple-eyes,Teen
Nana Irie,Tsukushite Agerunoni!,Purple hair,Past Waist length,Green-eyes,Teen
Tsukasa Mochizuki,Tsukushite Agerunoni!,Blonde / Yellow hair,Past Waist length,Purple-eyes,Teen
Kaede Ookoshi,Tsukushite Agerunoni!,Blue / Green hair,Shoulders length,Pink-eyes,Teen
Kazushi Ookoshi,Tsukushite Agerunoni!,Purple hair,Neck length,Brown-eyes,Teen
Sakurai Suzuka,Tsukushite Agerunoni!,Blue hair,Past Waist length,Blue-eyes,Teen
Ikuya Daidouji,Koi-iro Chu Lips,Blonde / Yellow hair,Ears length,Brown-eyes,Teen
Mirai Ichinose,Koi-iro Chu Lips,Black hair,Past Waist length,Red-eyes,Teen
Karen Kamimoto,Koi-iro Chu Lips,Blonde / Yellow hair,Past Waist length,Blue-eyes,Teen
Misaki Kasuga,Koi-iro Chu Lips,Purple hair,Past Waist length,Red-eyes,Teen
Yuu Kouda,Koi-iro Chu Lips,Blonde / Yellow hair,Waist length,Pink-eyes,Teen
Shizuku Manabe,Koi-iro Chu Lips,Blue hair,Past Waist length,Purple-eyes,Teen
Nagisa Miyatsuka,Koi-iro Chu Lips,Orange hair,Shoulders length,Purple-eyes,Teen
Rinka Mochizuki,Koi-iro Chu Lips,Brown hair,Past Waist length,Green-eyes,Teen
Mei Yozakura,Koi-iro Chu Lips,Green hair,Chest length,Blue-eyes,Teen
Masato Doi,Tsukushite Ageruno! ~Datte Onii-chan no Oyome-san ni Naritaindamon~,Red hair,Ears length,Brown-eyes,Teen
Yui Matsutouya,Tsukushite Ageruno! ~Datte Onii-chan no Oyome-san ni Naritaindamon~,Green hair,Past Waist length,Purple-eyes,Teen
Ehon Nonohara,Tsukushite Ageruno! ~Datte Onii-chan no Oyome-san ni Naritaindamon~,Pink hair,Neck length,Green-eyes,Teen
Megumi Sudou,Tsukushite Ageruno! ~Datte Onii-chan no Oyome-san ni Naritaindamon~,Brown hair,Chest length,Yellow-eyes,Child
Nano Tachibana,Tsukushite Ageruno! ~Datte Onii-chan no Oyome-san ni Naritaindamon~,Blonde / Yellow hair,Past Waist length,Blue-eyes,Teen
Nashi Torii,Tsukushite Ageruno! ~Datte Onii-chan no Oyome-san ni Naritaindamon~,Pink hair,Past Waist length,Purple-eyes,Child
Hazuki Wakamiya,Tsukushite Ageruno! ~Datte Onii-chan no Oyome-san ni Naritaindamon~,Gray hair,Chest length,Blue-eyes,Teen
Maria Wakamiya,Tsukushite Ageruno! ~Datte Onii-chan no Oyome-san ni Naritaindamon~,Gray hair,Neck length,Blue-eyes,Adult
Koyuki Kusakabe,Towa Koku,Brown hair,Shoulders length,Green-eyes,Teen
Setsuna,Towa Koku,Blonde / Yellow hair,Past Waist length,Red-eyes,Child
Hijiri Tsukimura,Towa Koku,Pink hair,Waist length,Brown-eyes,Adult
Miyabi Tsukimura,Towa Koku,Green hair,Past Waist length,Blue-eyes,Teen
Chihiro Midou,Ina☆koi ! ~ Oinarisama to Motemote no Tatari ~,Orange hair,Neck length,Green-eyes,Teen
Hiina Kujou,Ina☆koi ! ~ Oinarisama to Motemote no Tatari ~,Blonde / Yellow hair,Waist length,Yellow-eyes,Teen
Kijurou Yagami,Ina☆koi ! ~ Oinarisama to Motemote no Tatari ~,Blonde / Yellow hair,Neck length,Green-eyes,Teen
Kuzuha,Ina☆koi ! ~ Oinarisama to Motemote no Tatari ~,White hair,Past Waist length,Purple-eyes,Adult
Mutsuki Kamishiro,Ina☆koi ! ~ Oinarisama to Motemote no Tatari ~,Blonde / Yellow hair,Chest length,Blue-eyes,Teen
Sarasa Haruhi,Ina☆koi ! ~ Oinarisama to Motemote no Tatari ~,Blue hair,Neck length,Red-eyes,Teen
Erisu Asou,Meikuru! ~Welcome to Happy Maid Life!!~,Gray hair,Chest length,Red-eyes,Child
Blanche,Meikuru! ~Welcome to Happy Maid Life!!~,Blue hair,Neck length,Blue-eyes,Adult
Mii Komura,Meikuru! ~Welcome to Happy Maid Life!!~,Brown hair,Chest length,Green-eyes,Teen
Ririna Albertlola,Meikuru! ~Welcome to Happy Maid Life!!~,Blonde / Yellow hair,Shoulders length,Brown-eyes,Teen
Mao Shirahi,Meikuru! ~Welcome to Happy Maid Life!!~,Purple hair,Shoulders length,Green-eyes,Teen
Ruri Sorawatari,Meikuru! ~Welcome to Happy Maid Life!!~,Blue hair,Past Waist length,Blue-eyes,Teen
Zin Touma,Meikuru! ~Welcome to Happy Maid Life!!~,Brown hair,Chest length,Red-eyes,Teen
Suiren Yakushiji,Meikuru! ~Welcome to Happy Maid Life!!~,Black hair,Neck length,Red-eyes,Teen
Ion Hinamori,Meikuru! ~Welcome to Happy Maid Life!!~,Pink hair,Past Waist length,Red-eyes,Teen
Tamako Konishi,Sorauta,Green hair,Shoulders length,Green-eyes,Adult
Mana Nagasumi,Sorauta,Blue hair,Past Waist length,Blue-eyes,Teen
Chika Sakura,Sorauta,Orange hair,Shoulders length,Brown-eyes,Teen
Aoi Setouchi,Sorauta,Purple hair,Chest length,Purple-eyes,Child
Mio Yuunagi,Sorauta,Purple hair,Neck length,Blue-eyes,Teen
Miren Sakurano,Kimihagu,Blonde / Yellow hair,Waist length,Yellow-eyes,Teen
Madoka Serazawa,Kimihagu,Brown hair,Shoulders length,Purple-eyes,Teen
Kasumi Shiina,Kimihagu,Pink hair,Chest length,Red-eyes,Teen
Emiri Yuuki,Kimihagu,Blonde / Yellow hair,Waist length,Blue-eyes,Teen
Minami Yuzuki,Kimihagu,Blue hair,Ears length,Green-eyes,Teen
Chizuru Kumotani,Boy Meets Girl,Green hair,Past Waist length,Purple-eyes,Teen
Haruna Kasugano,Boy Meets Girl,Brown hair,Shoulders length,Blue-eyes,Teen
Mao Shingyouji,Boy Meets Girl,Purple hair,Chest length,Red-eyes,Teen
Miu Tsubasa,Boy Meets Girl,Red hair,Past Waist length,Brown-eyes,Teen
Nanami Souma,Boy Meets Girl,Blonde / Yellow hair,Shoulders length,Brown-eyes,Teen
Asahi Hiyorigawa,Snow,Green hair,Waist length,Red-eyes,Child
Shigure Kitazato,Snow,Blue hair,Neck length,Orange-eyes,Teen
Meiko Tachibana,Snow,Blonde / Yellow hair,Neck length,Yellow-eyes,Teen
Ouka Wakou,Snow,Pink hair,Shoulders length,Green-eyes,Child
Sumino Yukizumi,Snow,Black hair,Waist length,Purple-eyes,Teen
Mysterious girl,Snow,Gray hair,Neck length,Yellow-eyes,Teen
Anise Azeat,Galaxy Angel,Pink hair,Past Waist length,Blue-eyes,Teen
Almo Blueberry,Galaxy Angel,Purple hair,Shoulders length,Blue-eyes,Teen
Chitose Karasuma,Galaxy Angel,Blue hair,Past Waist length,Blue / Green-eyes,Teen
Coco Nutmilk ,Galaxy Angel,Brown hair,Chest length,Red-eyes,Teen
Coronet Choucroute,Galaxy Angel,Blonde / Yellow hair,Shoulders length,Blue-eyes,Adult
Croix Blort,Galaxy Angel,Gray hair,Neck length,Brown-eyes,Senior
Forte Stollen,Galaxy Angel,Red hair,Chest length,Blue-eyes,Adult
Kahlua Marjoram,Galaxy Angel,Blonde / Yellow hair,Waist length,Blue-eyes,Teen
Kazuya Shiranami,Galaxy Angel,Brown hair,Neck length,Purple-eyes,Teen
Kelsie,Galaxy Angel,Blue hair,Shoulders length,Red-eyes,Teen
Lily C Sherbet,Galaxy Angel,Blue hair,Neck length,Blue-eyes,Teen
Lunti Fiadone,Galaxy Angel,Blue / Green hair,Shoulders length,Gray-eyes,Teen
Melba Brownie,Galaxy Angel,Green hair,Shoulders length,Purple-eyes,Child
Milfeulle Sakuraba,Galaxy Angel,Pink hair,Shoulders length,Blue-eyes,Teen
Mint Blancmanche,Galaxy Angel,Blue hair,Shoulders length,Yellow-eyes,Child
Mordent Bagel,Galaxy Angel,Gray hair,Past Waist length,Gray-eyes,Adult
Nano-nano Pudding,Galaxy Angel,Blue / Green hair,Shoulders length,Purple-eyes,Child
Noa,Galaxy Angel,Blonde / Yellow hair,Past Waist length,Purple-eyes,Adult
Soldum Seldor,Galaxy Angel,Purple hair,Shoulders length,Yellow-eyes,Adult
Ranpha Franboise,Galaxy Angel,Blonde / Yellow hair,Past Waist length,Brown-eyes,Teen
Lester Cooldaras,Galaxy Angel,Gray hair,Shoulders length,Purple-eyes,Adult
Santa Rosa,Galaxy Angel,Pink hair,Past Waist length,Green-eyes,Teen
Maria Steline,Galaxy Angel,Blue hair,Past Waist length,Blue-eyes,Teen
Tact Mayers,Galaxy Angel,Blue hair,Neck length,Brown-eyes,Adult
Vanilla H,Galaxy Angel,Green hair,Past Waist length,Red-eyes,Teen
Apricot Sakuraba,Galaxy Angel,Blonde / Yellow hair,Shoulders length,Gray-eyes,Teen
Nami Satonaka,Akibako ~''Shiritsu Akihabara Gakuen'' Fandisk~,Blue hair,Ears length,Purple-eyes,Child
Aries,Makai Tenshi DJibril 2,Purple hair,Past Waist length,Green-eyes,Teen
Djibril,Makai Tenshi DJibril 2,Blue hair,Neck length,Green-eyes,Teen
Hikari Jinno,Makai Tenshi DJibril 2,Gray hair,Past Waist length,Blue-eyes,Teen
Luvriel,Makai Tenshi DJibril 2,Pink hair,Chest length,Purple-eyes,Child
Rika Manabe,Makai Tenshi DJibril 2,Brown hair,Neck length,Brown-eyes,Teen
Meimi Otonashi,Makai Tenshi DJibril 2,Black hair,Past Waist length,Pink-eyes,Teen
Misty Mei,Makai Tenshi DJibril 2,Black hair,Chest length,Red-eyes,Teen
Devil Rococo,Makai Tenshi DJibril 2,Green hair,Shoulders length,Red-eyes,Child
Fauna,Megachu! -Megamisama Chuuihou-,Pink hair,Past Waist length,Blue-eyes,Teen
Jordh,Megachu! -Megamisama Chuuihou-,Blue / Green hair,Neck length,Orange-eyes,Teen
Klotho Suroto,Megachu! -Megamisama Chuuihou-,Pink hair,Shoulders length,Pink-eyes,Teen
Kurosaki Natsuki,Megachu! -Megamisama Chuuihou-,Black hair,Shoulders length,Red-eyes,Teen
Leukothea,Megachu! -Megamisama Chuuihou-,Blonde / Yellow hair,Neck length,Green-eyes,Teen
Ayumu,Time Leap,Red hair,Shoulders length,Red-eyes,Teen
Yuu Hayama,Time Leap,Brown hair,Chest length,Orange-eyes,Teen
Haruka Kawasumi,Time Leap,Maroon hair,Neck length,Red-eyes,Teen
Ayumu Nagase,Time Leap,Red hair,Chest length,Red-eyes,Teen
Komomo Shinonome,Time Leap,Blue hair,Neck length,Blue-eyes,Teen
Touji Aoki,Nagomibako Innocent Grey Fandisc,Gray hair,Past Waist length,Red-eyes,Adult
Takako Ayasaki,Nagomibako Innocent Grey Fandisc,Blonde / Yellow hair,Waist length,Brown-eyes,Teen
Kazuna Kouzuki,Nagomibako Innocent Grey Fandisc,Black hair,Waist length,Green-eyes,Teen
Yura Kouzuki,Nagomibako Innocent Grey Fandisc,Black hair,Waist length,Black-eyes,Adult
Qwon Mikanagi,Nagomibako Innocent Grey Fandisc,White hair,Past Waist length,Purple-eyes,Teen
Shiori Minami,Nagomibako Innocent Grey Fandisc,Black hair,Past Waist length,Purple-eyes,Teen
Rin,Nagomibako Innocent Grey Fandisc,Black hair,Chest length,Purple-eyes,Teen
Ayane Shirakawa,Nagomibako Innocent Grey Fandisc,Brown hair,Waist length,Blue-eyes,Teen
Mikage Tachibana,Nagomibako Innocent Grey Fandisc,Black hair,Chest length,Brown-eyes,Teen
Nana Takashiro,Nagomibako Innocent Grey Fandisc,Brown hair,Neck length,Purple-eyes,Teen
Shugo Takashiro,Nagomibako Innocent Grey Fandisc,Black hair,Neck length,Not Visible-eyes,Adult
Ayane,Cast Away...Airan Island,Blue hair,Chest length,Black-eyes,Teen
Chikage,Cast Away...Airan Island,Blue hair,Shoulders length,Blue-eyes,Teen
Ikuto Touhouin,Cast Away...Airan Island,Black hair,Neck length,Blue-eyes,Teen
Machi,Cast Away...Airan Island,Black hair,Past Waist length,Red-eyes,Teen
Rin,Cast Away...Airan Island,Pink hair,Past Waist length,Red-eyes,Teen
Suzu,Cast Away...Airan Island,Brown hair,Past Waist length,Blue-eyes,Teen
Yukino,Cast Away...Airan Island,Green hair,Shoulders length,Green-eyes,Child
Cynthia Ayanokouji,Akihabara Otaku School,Blonde / Yellow hair,Chest length,Red-eyes,Teen
Aya Kannagi,Akihabara Otaku School,Purple hair,Past Waist length,Brown-eyes,Teen
Mariko Murai,Akihabara Otaku School,Red hair,Shoulders length,Brown-eyes,Teen
Nami Satonaka,Akihabara Otaku School,Purple hair,Ears length,Purple-eyes,Child
Kotomi Touma,Akihabara Otaku School,Pink hair,Past Waist length,Green-eyes,Teen
Chihaya Shuzenji,Seperate Blue,Gray hair,Neck length,Yellow-eyes,Teen
Hiwako Tsunoda,Seperate Blue,Black hair,Past Waist length,Green-eyes,Teen
Misui Tsurudo,Seperate Blue,Green hair,Past Waist length,Blue / Green-eyes,Adult
Otona Maruishi,Seperate Blue,Pink hair,Neck length,Yellow-eyes,Teen
Tsubame Ishibashi,Seperate Blue,Purple hair,Shoulders length,Red-eyes,Teen
Hiromi Hasuda,Yukiuta,Brown hair,Neck length,Blue-eyes,Adult
Mahiro Aoshima,Yukiuta,Red hair,Waist length,Red-eyes,Teen
Nano Hasegawa,Yukiuta,Brown hair,Neck length,Brown-eyes,Child
Setsuna Fujimi,Yukiuta,Brown hair,Past Waist length,Brown-eyes,Teen
Yuki Imai,Yukiuta,Brown hair,Shoulders length,Not Visible-eyes,Teen
Vivian Turkish,Men At Work 1,Purple hair,Past Waist length,Red-eyes,Adult
Iris Penna,Men At Work 1,Brown hair,Past Waist length,Green-eyes,Teen
Karua Siphon,Men At Work 1,Blue / Green hair,Past Waist length,Red-eyes,Adult
Misty Citron,Men At Work 1,Brown hair,Shoulders length,Blue-eyes,Teen
Renshia Fullcity,Men At Work 1,Orange hair,Chest length,Blue-eyes,Teen
Tira Pompadour,Men At Work 1,Blonde / Yellow hair,Chest length,Blue-eyes,Teen
Minatsu Amakase,D.C. II ~Da Capo II~,Blue hair,Shoulders length,Blue-eyes,Teen
Otome Asakura,D.C. II ~Da Capo II~,Maroon hair,Waist length,Blue-eyes,Teen
Yume Asakura,D.C. II ~Da Capo II~,Brown hair,Shoulders length,Blue / Green-eyes,Teen
Akane Hanasaki,D.C. II ~Da Capo II~,Pink hair,Past Waist length,Red-eyes,Teen
Wataru Itabashi,D.C. II ~Da Capo II~,Brown hair,Shoulders length,Brown-eyes,Teen
Shin Kohinata,D.C. II ~Da Capo II~,Purple hair,Neck length,Black-eyes,Teen
Yuzu Kohinata,D.C. II ~Da Capo II~,Blonde / Yellow hair,Shoulders length,Blue-eyes,Child
Mayuki Kousaka,D.C. II ~Da Capo II~,Purple hair,Shoulders length,Red-eyes,Teen
Maika Mizukoshi,D.C. II ~Da Capo II~,Blue / Green hair,Shoulders length,Green-eyes,Adult
Mu,D.C. II ~Da Capo II~,White hair,Past Waist length,Blue-eyes,Teen
Maya Sawai,D.C. II ~Da Capo II~,Purple hair,Shoulders length,Purple-eyes,Teen
Nanaka Shirakawa,D.C. II ~Da Capo II~,Pink hair,Past Waist length,Blue-eyes,Teen
Suginami,D.C. II ~Da Capo II~,Black hair,Ears length,Gray-eyes,Teen
Koko Tsukishima,D.C. II ~Da Capo II~,Orange hair,Shoulders length,Blue-eyes,Teen
Sakura Yoshino,D.C. II ~Da Capo II~,Blonde / Yellow hair,Past Waist length,Blue-eyes,Teen
Anzu Yukimura,D.C. II ~Da Capo II~,White hair,Chest length,Yellow-eyes,Child
Alice,Ao Zameta Tsuki no Hikari,Pink hair,Chest length,Purple-eyes,Teen
Anon,Ao Zameta Tsuki no Hikari,Brown hair,Chest length,Green-eyes,Adult
Armaiti,Ao Zameta Tsuki no Hikari,Gray hair,Past Waist length,Red-eyes,Adult
Amaterasu,Izumo,Black hair,Past Waist length,Green-eyes,Teen
Ayaka Tachibana,Izumo,Blonde / Yellow hair,Past Waist length,Purple-eyes,Adult
Hikaru Touma,Izumo,Brown hair,Shoulders length,Yellow-eyes,Teen
Miyuki Touma,Izumo,Black hair,Past Waist length,Blue-eyes,Teen
Nagisa Kurashima,Izumo,Blonde / Yellow hair,Chest length,Yellow-eyes,Teen
Nanami Minase,Izumo,Brown hair,Chest length,Blue-eyes,Teen
Rokusuke Touma,Izumo,Black hair,Chest length,Brown-eyes,Adult
Rumi Sakashita,Izumo,Black hair,Shoulders length,Brown-eyes,Teen
Satori,Izumo,Purple hair,Chest length,Brown-eyes,Adult
Susanoh,Izumo,Black hair,Past Waist length,Red-eyes,Teen
Cathrine,Wind of Ebenbourg,Blonde / Yellow hair,Past Waist length,Blue-eyes,Teen
Charlotte,Wind of Ebenbourg,Brown hair,Past Waist length,Blue-eyes,Teen
Claude,Wind of Ebenbourg,Brown hair,Shoulders length,Black-eyes,Teen
Emma,Wind of Ebenbourg,Purple hair,Past Waist length,Purple-eyes,Adult
Mylene,Wind of Ebenbourg,Gray hair,Chest length,Yellow-eyes,Teen
Rosalie,Wind of Ebenbourg,Blonde / Yellow hair,Past Waist length,Black-eyes,Teen
Sophie,Wind of Ebenbourg,Green hair,Past Waist length,Green-eyes,Adult
Fei Rei,Kurenai no Namida,Green hair,Past Waist length,Brown-eyes,Teen
Huamei,Kurenai no Namida,Blue hair,Past Waist length,Yellow-eyes,Teen
Lanfei,Kurenai no Namida,Blue hair,Past Waist length,Yellow-eyes,Teen
Meiling,Kurenai no Namida,Blue hair,Past Waist length,Yellow-eyes,Teen
Nanase Senshuuin,Kurenai no Namida,Black hair,Chest length,Red-eyes,Teen
Aoi Hinata,Men At Work 2 ~ Welcome to Hunter Academy ~,Blue hair,Past Waist length,Brown-eyes,Teen
Cliff Winston,Men At Work 2 ~ Welcome to Hunter Academy ~,Purple hair,Shoulders length,Blue-eyes,Teen
Kitty Saifon,Men At Work 2 ~ Welcome to Hunter Academy ~,Red hair,Shoulders length,Purple-eyes,Teen
Mina Winston,Men At Work 2 ~ Welcome to Hunter Academy ~,Brown hair,Past Waist length,Green-eyes,Teen
Lucy Fuuke,Men At Work 2 ~ Welcome to Hunter Academy ~,Purple hair,Past Waist length,Red-eyes,Teen
Sheryl Winzar,Men At Work 2 ~ Welcome to Hunter Academy ~,Blonde / Yellow hair,Past Waist length,Green-eyes,Teen
Ayumi Mikage,Yuki no Tokeru Koro ni...,Brown hair,Chest length,Green-eyes,Adult
Masato Hoshino,Yuki no Tokeru Koro ni...,Blue hair,Neck length,Brown-eyes,Adult
Mizuki Hoshino,Yuki no Tokeru Koro ni...,Black hair,Past Waist length,Black-eyes,Adult
Tsukasa Shinohara,Yuki no Tokeru Koro ni...,Black hair,Neck length,Black-eyes,Adult
Melty,TenAku ~Angel and Devil~,Purple hair,Past Waist length,Red-eyes,Teen
Milly,TenAku ~Angel and Devil~,Gray hair,Past Waist length,Gray-eyes,Teen
Shouichi Okita,TenAku ~Angel and Devil~,Black hair,Neck length,Black-eyes,Adult
Shouko Okita,TenAku ~Angel and Devil~,Blonde / Yellow hair,Past Waist length,Blue-eyes,Teen
Kurumi Manabe,School Paradise!!,Purple hair,Waist length,Red-eyes,Teen
Kyouko Seto,School Paradise!!,Blonde / Yellow hair,Past Waist length,Green-eyes,Teen
Midori Shihoudou,School Paradise!!,Blonde / Yellow hair,Past Waist length,Yellow-eyes,Teen
Misora Nonomura,School Paradise!!,Brown hair,Neck length,Purple-eyes,Adult
Momiji Tsushima,School Paradise!!,Pink hair,Chest length,Blue-eyes,Teen
Sakura,School Paradise!!,Pink hair,Neck length,Blue-eyes,Child
Seiji Inoue,School Paradise!!,Blue hair,Ears length,Green-eyes,Teen
Sumire Kouenji,School Paradise!!,Black hair,Past Waist length,Blue-eyes,Teen
Chigusa Fukami,School Paradise!!,Black hair,Chest length,Red-eyes,Teen
Tokiwa Katou,School Paradise!!,Brown hair,Neck length,Blue-eyes,Teen
Wakaba Hirose,School Paradise!!,Blue hair,Shoulders length,Red-eyes,Adult
Irene,Vagrants,Pink hair,Chest length,Green-eyes,Adult
Mye,Vagrants,Purple hair,Chest length,Red-eyes,Teen
Emilia,Vagrants,Gray hair,Waist length,Blue-eyes,Adult
Giselle,Vagrants,Blonde / Yellow hair,Past Waist length,Green-eyes,Teen
Hatsuka Otowa,Natsu Kagura,Black hair,Past Waist length,Yellow-eyes,Teen
Keika Otowa,Natsu Kagura,Black hair,Waist length,Brown-eyes,Teen
Mikiya Takimine,Natsu Kagura,White hair,Chest length,Red-eyes,Child
Natsu,Natsu Kagura,Black hair,Past Waist length,Green-eyes,Adult
Youko Otoha,Natsu Kagura,Blonde / Yellow hair,Chest length,Black-eyes,Adult
Gilbert McBein,Men At Work 3 ~Hunter-tachi no Seishun~,Black hair,Neck length,Black-eyes,Adult
Irwin Oakwood,Men At Work 3 ~Hunter-tachi no Seishun~,Gray hair,Shoulders length,Black-eyes,Adult
Jair Eden,Men At Work 3 ~Hunter-tachi no Seishun~,Gray hair,Chest length,Black-eyes,Teen
Loretta Stone,Men At Work 3 ~Hunter-tachi no Seishun~,Gray hair,Past Waist length,Brown-eyes,Adult
Marion Weinberg,Men At Work 3 ~Hunter-tachi no Seishun~,Brown hair,Ears length,Brown-eyes,Teen
Yamato Takekura,Aneimo Neo Second Sisters,Gray hair,Past Waist length,Yellow-eyes,Adult
Miriam Sinclair,Men At Work 3 ~Hunter-tachi no Seishun~,Black hair,Neck length,Yellow-eyes,Adult
Ryudo Takeda,Men At Work 3 ~Hunter-tachi no Seishun~,Blonde / Yellow hair,Neck length,Black-eyes,Teen
Justine Cleighton,Men At Work 3 ~Hunter-tachi no Seishun~,Pink hair,Chest length,Green-eyes,Teen
Lisa Earhart,Men At Work 3 ~Hunter-tachi no Seishun~,Gray hair,Past Waist length,Black-eyes,Teen
Mizuho Ayanokouji,Men At Work 3 ~Hunter-tachi no Seishun~,Brown hair,Past Waist length,Green-eyes,Teen
Monica Albright,Men At Work 3 ~Hunter-tachi no Seishun~,Blonde / Yellow hair,Chest length,Pink-eyes,Teen
Phyllis Siphon,Men At Work 3 ~Hunter-tachi no Seishun~,Gray hair,Neck length,Brown-eyes,Teen
Ryle Ainsworth,Men At Work 3 ~Hunter-tachi no Seishun~,Purple hair,Past Waist length,Brown-eyes,Adult
Arashi Kazama,Trouble Days,Blonde / Yellow hair,Chest length,Green-eyes,Teen
Aya Kiryuu,Trouble Days,Blonde / Yellow hair,Neck length,Green-eyes,Adult
Haru Hinata,Trouble Days,Gray hair,Ears length,Red-eyes,Senior
Jigoku Kouenji,Trouble Days,Blue hair,Waist length,Green-eyes,Teen
Maki Kiryuu,Trouble Days,Blue hair,Neck length,Purple-eyes,Teen
Seina Abe,Trouble Days,Red hair,Ears length,Purple-eyes,Adult
Shigure Sugekasamatsu,Trouble Days,Blue hair,Past Waist length,Green-eyes,Teen
Tsukimi Kisugi,Trouble Days,Black hair,Past Waist length,Purple-eyes,Adult
Yuki Koizumi,Trouble Days,Orange hair,Past Waist length,Yellow-eyes,Teen
Haruka Amamiya,Niji wo Mitsuketara Oshiete,Purple hair,Neck length,Gray-eyes,Adult
Otomi Sakai,Niji wo Mitsuketara Oshiete,Blue hair,Past Waist length,Red-eyes,Teen
Sui,Niji wo Mitsuketara Oshiete,Blonde / Yellow hair,Shoulders length,Blue-eyes,Child
Yuuki Shinkai,Niji wo Mitsuketara Oshiete,Purple hair,Neck length,Blue-eyes,Child
Atla,Saint Seiya: The Lost Canvas - Myth of Hades,Blonde / Yellow hair,Shoulders length,Brown-eyes,Teen
Byakko,Izumo 2 Gakuen Kyousoukyoku,Blonde / Yellow hair,Past Waist length,Red-eyes,Teen
Fusa,Izumo 2 Gakuen Kyousoukyoku,Purple hair,Past Waist length,Brown-eyes,Adult
Genbu,Izumo 2 Gakuen Kyousoukyoku,White hair,Past Waist length,Red-eyes,Teen
Himiko,Izumo 2 Gakuen Kyousoukyoku,Gray hair,Past Waist length,Brown-eyes,Teen
Ikko,Izumo 2 Gakuen Kyousoukyoku,Gray hair,Ears length,Yellow-eyes,Teen
Cheshire,Saint Seiya: The Lost Canvas - Myth of Hades,Gray hair,Past Waist length,Purple-eyes,Adult
Mai Kitagawa,Izumo 2 Gakuen Kyousoukyoku,Pink hair,Past Waist length,Green-eyes,Teen
Migiwa,Izumo 2 Gakuen Kyousoukyoku,Gray hair,Past Waist length,Red-eyes,Adult
Nagi,Izumo 2 Gakuen Kyousoukyoku,Gray hair,Neck length,Red-eyes,Teen
Ninigi,Izumo 2 Gakuen Kyousoukyoku,Blue hair,Shoulders length,Blue-eyes,Adult
Edward,Saint Seiya: The Lost Canvas - Myth of Hades,Black hair,Ears length,Black-eyes,Child
Seiryu,Izumo 2 Gakuen Kyousoukyoku,Purple hair,Past Waist length,Red-eyes,Teen
Billy Fisher,The Adventures of Tom Sawyer ,Brown hair,Chest length,Green-eyes,Teen
Suzaku,Izumo 2 Gakuen Kyousoukyoku,Gray hair,Past Waist length,Not Visible-eyes,Senior
Agasha,Saint Seiya: The Lost Canvas - Myth of Hades,Gray hair,Past Waist length,Purple-eyes,Adult
Pope Sage,Saint Seiya: The Lost Canvas - Myth of Hades,Orange hair,Hair Up / Indeterminate length,Green-eyes,Child
Chikage,Tail Tale,Blonde / Yellow hair,Neck length,Red-eyes,Teen
Chiki,Tail Tale,Green hair,Shoulders length,Red-eyes,Teen
Ginta,Tail Tale,Purple hair,Past Waist length,Yellow-eyes,Teen
Iori,Tail Tale,Brown hair,Neck length,Green-eyes,Teen
Koma,Tail Tale,Purple hair,Chest length,Brown-eyes,Teen
Min,Tail Tale,Blue / Green hair,Past Waist length,Green-eyes,Teen
Nihei,Tail Tale,Blonde / Yellow hair,Shoulders length,Orange-eyes,Child
Ruruko,Tail Tale,Blonde / Yellow hair,Past Waist length,Not Visible-eyes,Teen
Shino,Tail Tale,Black hair,Past Waist length,Red-eyes,Adult
Soro,Tail Tale,Gray hair,Waist length,Black-eyes,Adult
Amon,Twins ~ Maou no Musume-tachi ~,Gray hair,Shoulders length,Green-eyes,Teen
Chilul,Twins ~ Maou no Musume-tachi ~,Black hair,Past Waist length,Black-eyes,Teen
Jem,Twins ~ Maou no Musume-tachi ~,Blonde / Yellow hair,Past Waist length,Black-eyes,Teen
Serenn,Twins ~ Maou no Musume-tachi ~,Black hair,Past Waist length,Black-eyes,Adult
Tina,Twins ~ Maou no Musume-tachi ~,Black hair,Neck length,Brown-eyes,Adult
Ayano Kirisaki,Izumo Zero,Black hair,Shoulders length,Brown-eyes,Adult
Gorou Fujita,Izumo Zero,Black hair,Neck length,Brown-eyes,Adult
Gensai Shiranui,Izumo Zero,Black hair,Neck length,Green-eyes,Teen
Shunsuke Hanayama,Izumo Zero,Blue hair,Chest length,Brown-eyes,Adult
Kazuto Nagamine,Izumo Zero,Pink hair,Shoulders length,Blue-eyes,Teen
Gorou Kiriya,Izumo Zero,Blue hair,Past Waist length,Red-eyes,Teen
Kijimuna,Izumo Zero,White hair,Past Waist length,Blue-eyes,Teen
Misono Uesugi,Izumo Zero,Black hair,Past Waist length,Red-eyes,Teen
Moyu Tamagi,Izumo Zero,Brown hair,Neck length,Black-eyes,Teen
Sayori,Izumo Zero,Black hair,Past Waist length,Green-eyes,Adult
Souichirou Sawagi,Izumo Zero,Black hair,Past Waist length,Black-eyes,Teen
Tagiri,Izumo Zero,Black hair,Chest length,Green-eyes,Teen
Tagitsu,Izumo Zero,Blue hair,Past Waist length,Black-eyes,Teen
Toranosuke Yamada,Izumo Zero,Black hair,Chest length,Green-eyes,Adult
Uzume,Izumo Zero,Black hair,Chest length,Green-eyes,Teen
Yoshino Kirisaki,Izumo Zero,Purple hair,Neck length,Yellow-eyes,Teen
Youko Nagamine,Izumo Zero,Blue hair,Chest length,Blue-eyes,Teen
Kurohime,Puni Puni Handmaid,Green hair,Chest length,Not Visible-eyes,Teen
Mau,Puni Puni Handmaid,Blonde / Yellow hair,Shoulders length,Green-eyes,Teen
Mei,Puni Puni Handmaid,Blue hair,Shoulders length,Blue-eyes,Adult
Meiling,Puni Puni Handmaid,Blonde / Yellow hair,Shoulders length,Green-eyes,Child
Miss M,Puni Puni Handmaid,Blonde / Yellow hair,Past Waist length,Green-eyes,Adult
Pochiko,Puni Puni Handmaid,Maroon hair,Neck length,Yellow-eyes,Teen
Tamamo no Mae,Puni Puni Handmaid,White hair,Past Waist length,Red-eyes,Teen
Tonbo,Puni Puni Handmaid,Blue hair,Past Waist length,Blue-eyes,Teen
Yui,Puni Puni Handmaid,Purple hair,Shoulders length,Purple-eyes,Teen
Yukiko,Puni Puni Handmaid,Purple hair,Shoulders length,Purple-eyes,Teen
Anna Kurano,Americano Please,Red hair,Past Waist length,Blue-eyes,Teen
Miyu Kurano,Americano Please,Blue hair,Neck length,Yellow-eyes,Teen
Yukiko Kirishima,Americano Please,Blue hair,Chest length,Yellow-eyes,Adult
Ayumi Kakizaki,Americano Please,Blonde / Yellow hair,Waist length,Green-eyes,Teen
Misaki Kakizaki,Americano Please,Gray hair,Ears length,Brown-eyes,Teen
Akira Yamanami,Successor of Wind,Black hair,Past Waist length,Purple-eyes,Adult
Kouji Saijou,Successor of Wind,Gray hair,Past Waist length,Purple-eyes,Teen
Makoto Yamanami,Successor of Wind,Purple hair,Past Waist length,Blue-eyes,Teen
Saki Saijou,Successor of Wind,Red hair,Shoulders length,Red-eyes,Teen
Saori Azuno,Successor of Wind,Brown hair,Ears length,Green-eyes,Teen
Hinata,Pure Pure,Blue hair,Shoulders length,Blue-eyes,Teen
Takuya Midou,Pure Pure,Orange hair,Shoulders length,Purple-eyes,Teen
Miwa Yuuki,Pure Pure,Purple hair,Past Waist length,Yellow-eyes,Teen
Sachi,Pure Pure,Pink hair,Past Waist length,Green-eyes,Teen
Tobari,Pure Pure,Orange hair,Neck length,Yellow-eyes,Teen
Manami Aihara,Immoral Emotion,Blonde / Yellow hair,Chest length,Green-eyes,Adult
Naoki Aihara,Immoral Emotion,Pink hair,Chest length,Green-eyes,Teen
Sayaka Aihara,Immoral Emotion,Pink hair,Past Waist length,Yellow-eyes,Teen
Yuuka Aihara,Immoral Emotion,Blue hair,Shoulders length,Gray-eyes,Teen
Kasumi Asakura,BIN CAN darling,Brown hair,Shoulders length,Brown-eyes,Teen
Naho Hidaka,BIN CAN darling,Black hair,Past Waist length,Black-eyes,Teen
Tamaki Hidaka,BIN CAN darling,Blonde / Yellow hair,Past Waist length,Blue-eyes,Teen
Chizuru Tachibana,BIN CAN darling,Blue hair,Shoulders length,Green-eyes,Teen
Kozue Tachibana,BIN CAN darling,Gray hair,Waist length,Red-eyes,Teen
Akane Murohoshi,Natsuiro,Blue hair,Shoulders length,Yellow-eyes,Teen
Maika Kurashige,Natsuiro,Pink hair,Chest length,Blue-eyes,Teen
Matsuri Irie,Natsuiro,Black hair,Past Waist length,Red-eyes,Teen
Sumomo Sakuraba,Natsuiro,Orange hair,Neck length,Black-eyes,Teen
Ichi,Oni Kagura,Brown hair,Past Waist length,Green-eyes,Teen
Kanna Amagami,Oni Kagura,Brown hair,Shoulders length,Red-eyes,Adult
Suguru Kizima,Oni Kagura,Black hair,Past Waist length,Blue-eyes,Teen
Uzuki Amagami,Oni Kagura,Purple hair,Chest length,Brown-eyes,Teen
Ayano Kazekiri,Day of Love,Red hair,Chest length,Blue-eyes,Adult
Isami Anayama,Day of Love,Purple hair,Chest length,Yellow-eyes,Teen
Jun Misato,Day of Love,Purple hair,Ears length,Yellow-eyes,Teen
Kaori Sayagusa,Day of Love,Brown hair,Ears length,Brown-eyes,Adult
Maho Yoshioka,Day of Love,Purple hair,Shoulders length,Yellow-eyes,Teen
Mao Hiiragi,Day of Love,Blonde / Yellow hair,Ears length,Yellow-eyes,Teen
Kounosuke Matsudaira,Day of Love,Brown hair,Ears length,Not Visible-eyes,Teen
Michiru Hiiragi,Day of Love,Green hair,Waist length,Blue-eyes,Teen
Nanaka Sayagusa,Day of Love,Blue hair,Chest length,Blue-eyes,Teen
Seiji Anayama,Day of Love,Brown hair,Past Waist length,Blue-eyes,Teen
Yayoi Mutou,Day of Love,Purple hair,Neck length,Orange-eyes,Teen
Ebel,Hitogata Ruins,Black hair,Neck length,Black-eyes,Teen
Diana,Hitogata Ruins,Purple hair,Chest length,Purple-eyes,Teen
Elly,Hitogata Ruins,Blue / Green hair,Past Waist length,Blue-eyes,Adult
Kuno,Hitogata Ruins,Blue hair,Chest length,Blue-eyes,Adult
Macle,Hitogata Ruins,Purple hair,Past Waist length,Blue-eyes,Adult
Seika,Hitogata Ruins,Red hair,Past Waist length,Green-eyes,Adult
Sigrid,Hitogata Ruins,Green hair,Chest length,Yellow-eyes,Adult
Hotaru Nagaoka,Love Love Teatime,Blue hair,Past Waist length,Blue-eyes,Adult
Ikue Yamagami,Love Love Teatime,Purple hair,Neck length,Purple-eyes,Adult
Kasuri Oda,Love Love Teatime,Pink hair,Neck length,Purple-eyes,Teen
Satomi Nagaoka,Love Love Teatime,Brown hair,Past Waist length,Blue / Green-eyes,Teen
Youko Watanabe,Love Love Teatime,Blue hair,Past Waist length,Pink-eyes,Teen
Yuki Watanabe,Love Love Teatime,Brown hair,Chest length,Brown-eyes,Teen
Kumi Aoi,Twin Way,Brown hair,Past Waist length,Blue-eyes,Teen
Ayano Takamine,Twin Way,Blonde / Yellow hair,Shoulders length,Red-eyes,Teen
Erika Hamanaka,Twin Way,Black hair,Shoulders length,Blue-eyes,Teen
Kasumi Mimura,Twin Way,Purple hair,Chest length,Pink-eyes,Adult
Mai Yazuki,Twin Way,Green hair,Shoulders length,Brown-eyes,Teen
Miki Kitakouzi,Twin Way,Brown hair,Waist length,Purple-eyes,Teen
Moe Matsusita,Twin Way,Green hair,Past Waist length,Green-eyes,Teen
Sayumi Nakayama,Twin Way,Brown hair,Shoulders length,Brown-eyes,Teen
Alett,Aozora Majika!!,Blonde / Yellow hair,Chest length,Pink-eyes,Teen
Cornelia,Aozora Majika!!,White hair,Past Waist length,Blue-eyes,Teen
Edgar,Aozora Majika!!,Blonde / Yellow hair,Ears length,Purple-eyes,Adult
Ellen,Aozora Majika!!,Gray hair,Neck length,Brown-eyes,Adult
Fana,Aozora Majika!!,Purple hair,Past Waist length,Green-eyes,Teen
Felix,Aozora Majika!!,Black hair,Ears length,Brown-eyes,Teen
Miles,Aozora Majika!!,Brown hair,Waist length,Purple-eyes,Adult
Mercedes,Aozora Majika!!,Black hair,Chest length,Blue-eyes,Teen
Mitsuha,Aozora Majika!!,Pink hair,Past Waist length,Blue-eyes,Teen
Paula,Aozora Majika!!,Black hair,Past Waist length,Black-eyes,Teen
Sue,Aozora Majika!!,Gray hair,Past Waist length,Green-eyes,Teen
Tillina,Aozora Majika!!,Orange hair,Waist length,Red-eyes,Child
Azusa,Okaeshi Beast,Pink hair,Neck length,Blue-eyes,Teen
Hinata,Okaeshi Beast,Blue hair,Past Waist length,Blue-eyes,Teen
Dr. Crane,Neko Kawaigari!,Pink hair,Shoulders length,Orange-eyes,Child
Faye,Neko Kawaigari!,Orange hair,Chest length,Blue-eyes,Teen
Norma,Neko Kawaigari!,Maroon hair,Chest length,Purple-eyes,Adult
Umi,Neko Kawaigari!,Purple hair,Waist length,Red-eyes,Teen
Minami Kaneko,Warui Koto Shitai,Blonde / Yellow hair,Past Waist length,Blue-eyes,Child
Natsuki Fujii,Warui Koto Shitai,Green hair,Shoulders length,Orange-eyes,Teen
Yuki Sagawa,Warui Koto Shitai,Pink hair,Past Waist length,Purple-eyes,Teen
Akane Shirogane,Their Styles,Black hair,Ears length,Blue-eyes,Teen
Chisato Kayou,Their Styles,Brown hair,Waist length,Blue-eyes,Teen
Honoka Yumihiki,Their Styles,Orange hair,Chest length,Brown-eyes,Teen
Iori Shibahara,Their Styles,Blue hair,Shoulders length,Blue-eyes,Teen
Kotarou Togetsu,Their Styles,Blue hair,Neck length,Blue / Green-eyes,Teen
Sakurako Ozemichi,Their Styles,Pink hair,Past Waist length,Red-eyes,Teen
Seseri Yuki,Their Styles,Blonde / Yellow hair,Ears length,Yellow-eyes,Teen
Kasui Sugiura,Their Styles,Blonde / Yellow hair,Chest length,Blue-eyes,Teen
Suzutsuki Akina,Their Styles,Green hair,Shoulders length,Brown-eyes,Adult
Fumio Tanba,Their Styles,Brown hair,Neck length,Brown-eyes,Adult
Tobari Shirogane,Their Styles,Blue hair,Past Waist length,Blue / Green-eyes,Adult
Ayako Midorikawa,Inran OL - Modae Naku -,Purple hair,Chest length,Red-eyes,Teen
Misuzu Aoyama,Inran OL - Modae Naku -,Maroon hair,Waist length,Yellow-eyes,Teen
Saeko Kuroki,Inran OL - Modae Naku -,Blue hair,Ears length,Green-eyes,Teen
Mellow,Relict 2　~ Episode Moon ~,Blue hair,Waist length,Blue-eyes,Teen
Mio,Relict 2　~ Episode Moon ~,Purple hair,Shoulders length,Red-eyes,Teen
Nagi,Relict 2　~ Episode Moon ~,White hair,Past Waist length,Blue-eyes,Teen
Nayuta,Relict 2　~ Episode Moon ~,Black hair,Chest length,Blue-eyes,Teen
Setsuna,Relict 2　~ Episode Moon ~,Red hair,Past Waist length,Brown-eyes,Teen
Sion,Relict 2　~ Episode Moon ~,Purple hair,Past Waist length,Red-eyes,Teen
Carl Weinberg,Men At Work 4,Blonde / Yellow hair,Past Waist length,Green-eyes,Teen
Kath,Men At Work 4,Gray hair,Chest length,Brown-eyes,Teen
Leana Crichton,Men At Work 4,Pink hair,Shoulders length,Blue-eyes,Teen
Lisetta Pages,Men At Work 4,Blue hair,Past Waist length,Red-eyes,Teen
Reina Crichton,Men At Work 4,Green hair,Past Waist length,Not Visible-eyes,Teen
Shizuho Ainsworth,Men At Work 4,Brown hair,Waist length,Brown-eyes,Teen
Aimi Kishi,Princess Bride,Gray hair,Chest length,Red-eyes,Teen
Kao Katsuragi,Princess Bride,Pink hair,Past Waist length,Blue-eyes,Teen
Haruna Ousaka,Princess Bride,Purple hair,Past Waist length,Blue-eyes,Adult
Kiyomi Kashima,Princess Bride,Blonde / Yellow hair,Shoulders length,Blue / Green-eyes,Teen
Shieru Sakurami,Princess Bride,Purple hair,Past Waist length,Red-eyes,Adult
Maricia,Torikago,Purple hair,Ears length,Yellow-eyes,Adult
Namuchi,Torikago,Blue hair,Shoulders length,Blue-eyes,Teen
Shakuna,Torikago,Red hair,Past Waist length,Green-eyes,Teen
Shastra,Torikago,Brown hair,Waist length,Red-eyes,Teen
Vimana,Torikago,Gray hair,Past Waist length,Yellow-eyes,Teen
Ai Izumi,Mikokon,Blonde / Yellow hair,Chest length,Black-eyes,Teen
Akemi Kasuga,Mikokon,Purple hair,Shoulders length,Purple-eyes,Child
Isuzu Takachiho,Mikokon,Blonde / Yellow hair,Past Waist length,Purple-eyes,Teen
Misaki,Mikokon,Brown hair,Shoulders length,Brown-eyes,Teen
Asuka,Relict,Black hair,Neck length,Black-eyes,Teen
Hatsune,Relict,Red hair,Chest length,Brown-eyes,Teen
Kaguya,Relict,Purple hair,Shoulders length,Green-eyes,Adult
Karin,Relict,Blue hair,Shoulders length,Green-eyes,Teen
Maito,Relict,Purple hair,Past Waist length,Black-eyes,Teen
Rio,Relict,Brown hair,Chest length,Brown-eyes,Adult
Violette,Relict,Green hair,Past Waist length,Blue-eyes,Adult
Anzu Nekonohito ,Heaven Strada,Brown hair,Past Waist length,Brown-eyes,Teen
Alice Et Tserf,Heaven Strada,Purple hair,Past Waist length,Blue-eyes,Teen
Erika Ingeborg ,Heaven Strada,Pink hair,Past Waist length,Blue-eyes,Teen
Kurisu Kaberimu Girugurimu ,Heaven Strada,Red hair,Neck length,Brown-eyes,Adult
Matrona Shekina,Heaven Strada,Orange hair,Past Waist length,Purple-eyes,Teen
Mitsu-chan,Heaven Strada,Red hair,Shoulders length,Blue-eyes,Teen
Ruria Mariage Grandore ,Heaven Strada,Blue hair,Past Waist length,Purple-eyes,Teen
Vardi  Ereazal,Heaven Strada,Gray hair,Shoulders length,Yellow-eyes,Adult
Saria,Heaven Strada,Pink hair,Chest length,Orange-eyes,Teen
Akira Yoshitsurugi,Metal Princess,Purple hair,Shoulders length,Purple-eyes,Teen
Crau Mo,Metal Princess,Maroon hair,Past Waist length,Green-eyes,Adult
Kei Asatsuki,Metal Princess,Red hair,Past Waist length,Blue-eyes,Adult
Miki Kyandi ,Metal Princess,Brown hair,Chest length,Brown-eyes,Child
Ria Haoto,Metal Princess,Blue hair,Shoulders length,Red-eyes,Teen
Shitoronado,Metal Princess,Pink hair,Past Waist length,Blue-eyes,Adult
Aoi Kitsunezuka,Syringe 2,Blonde / Yellow hair,Past Waist length,Yellow-eyes,Teen
Aya Kashiwagi,Syringe 2,Blue hair,Waist length,Yellow-eyes,Teen
Hinata Yuuzaki,Syringe 2,Blonde / Yellow hair,Waist length,Green-eyes,Adult
Ichiko Mukai,Syringe 2,Purple hair,Neck length,Green-eyes,Adult
Izumi Ikaruga,Syringe 2,Gray hair,Waist length,Not Visible-eyes,Adult
Kaede Wakana,Syringe 2,Red hair,Past Waist length,Blue-eyes,Teen
Kirika Toudouin,Syringe 2,Orange hair,Chest length,Brown-eyes,Teen
Natsuki Sasahara,Syringe 2,Red hair,Chest length,Blue-eyes,Teen
Reina Shiobana,Syringe 2,Black hair,Shoulders length,Yellow-eyes,Teen
Sakurako Shindou,Syringe 2,Blonde / Yellow hair,Chest length,Not Visible-eyes,Teen
Bess,Gun Sister,Gray hair,Chest length,Red-eyes,Teen
Maria,Gun Sister,Orange hair,Neck length,Blue-eyes,Teen
Ruka,Gun Sister,Purple hair,Waist length,Green-eyes,Teen
Silvia,Gun Sister,Blue hair,Past Waist length,Purple-eyes,Teen
Sophie,Gun Sister,Brown hair,Ears length,Blue-eyes,Teen
Miki,Shimai Tsuma,Green hair,Waist length,Brown-eyes,Teen
Misako,Shimai Tsuma,Red hair,Past Waist length,Brown-eyes,Teen
Kaori Hanaoka,Devote,Blonde / Yellow hair,Shoulders length,Blue-eyes,Teen
Mio Shimada,Devote,Red hair,Past Waist length,Red-eyes,Teen
Shiho Uchida,Devote,Purple hair,Past Waist length,Red-eyes,Teen
Yuri Kimura,Devote,Black hair,Shoulders length,Purple-eyes,Teen
Ayuno Amaya,Utsurigi Nanakoi Tenkiame,Blonde / Yellow hair,Past Waist length,Orange-eyes,Teen
Miu Amaya,Utsurigi Nanakoi Tenkiame,Maroon hair,Chest length,Yellow-eyes,Teen
Midori Atara,Utsurigi Nanakoi Tenkiame,Blue hair,Past Waist length,Red-eyes,Teen
Shizuru Atara,Utsurigi Nanakoi Tenkiame,White hair,Shoulders length,Green-eyes,Teen
Ellen Guydir,Utsurigi Nanakoi Tenkiame,Blonde / Yellow hair,Shoulders length,Red-eyes,Teen
Fumiko Houami,Utsurigi Nanakoi Tenkiame,Brown hair,Chest length,Brown-eyes,Adult
Chika Iogi,Utsurigi Nanakoi Tenkiame,Purple hair,Past Waist length,Purple-eyes,Teen
Kazusa Kagari,Utsurigi Nanakoi Tenkiame,Orange hair,Shoulders length,Blue-eyes,Teen
Hiyori Saginomiya,Utsurigi Nanakoi Tenkiame,Gray hair,Past Waist length,Purple-eyes,Teen
Makiyo Tsuruno,Utsurigi Nanakoi Tenkiame,Purple hair,Neck length,Black-eyes,Child
Hana Yachikojima,Utsurigi Nanakoi Tenkiame,Blonde / Yellow hair,Waist length,Blue-eyes,Teen
Ren Yachikojima,Utsurigi Nanakoi Tenkiame,Blue / Green hair,Neck length,Red-eyes,Child
Hina Atsumi,Sukumizu 2,Pink hair,Shoulders length,Brown-eyes,Teen
Kae Yasukouchi,Sukumizu 2,Pink hair,Past Waist length,Pink-eyes,Teen
Mika Bluemeir Polish,Sukumizu 2,Blonde / Yellow hair,Past Waist length,Purple-eyes,Teen
Piko,Sukumizu 2,White hair,Past Waist length,Black-eyes,Adult
Sena Hitomi,Sukumizu 2,White hair,Past Waist length,Red-eyes,Teen
Yomi Hitomi,Sukumizu 2,Pink hair,Shoulders length,Purple-eyes,Teen
Alise Rinderufan,Tenkuu no Symphonia 2,Blonde / Yellow hair,Past Waist length,Red-eyes,Teen
Ascalon,Tenkuu no Symphonia 2,Purple hair,Past Waist length,Purple-eyes,Teen
Makie,Tenkuu no Symphonia 2,White hair,Shoulders length,Gray-eyes,Teen
Marion Coppelia,Tenkuu no Symphonia 2,Purple hair,Shoulders length,Red-eyes,Teen
Miria Furoihaimu,Tenkuu no Symphonia 2,Brown hair,Chest length,Purple-eyes,Teen
Sylphine,Tenkuu no Symphonia 2,Green hair,Shoulders length,Red-eyes,Teen
Shonmao Ronron,Tenkuu no Symphonia 2,Blonde / Yellow hair,Past Waist length,Brown-eyes,Teen
Will Furoihaim,Tenkuu no Symphonia 2,Black hair,Past Waist length,Purple-eyes,Teen
Urushi Suiouji,Tenkuu no Symphonia 2,Purple hair,Past Waist length,Purple-eyes,Teen
Alouette Rune,Tenkuu no Symphonia,Blonde / Yellow hair,Neck length,Green-eyes,Teen
Milfaria Furoihaimu,Tenkuu no Symphonia,Gray hair,Neck length,Brown-eyes,Adult
Miori Hoozuki,Tenkuu no Symphonia,Black hair,Past Waist length,Yellow-eyes,Teen
Noel Shigurudoa,Tenkuu no Symphonia,Pink hair,Past Waist length,Blue-eyes,Teen
Lumiere Fondoberute,Tenkuu no Symphonia,Pink hair,Chest length,Blue-eyes,Teen
Kamijo,Reconquista,Brown hair,Chest length,Green-eyes,Teen
Kureha Akizuki,Reconquista,Black hair,Past Waist length,Blue / Green-eyes,Child
Mahoko Hatori,Reconquista,Green hair,Neck length,Pink-eyes,Teen
Tomoko Hatori,Reconquista,Blue hair,Shoulders length,Pink-eyes,Teen
Masaki Yoshimori,Reconquista,Brown hair,Neck length,Brown-eyes,Teen
Momiji Makino,Reconquista,Maroon hair,Ears length,Green-eyes,Teen
Nanako Tamura,Reconquista,Blonde / Yellow hair,Chest length,Blue-eyes,Teen
Shiina Kasugai,Reconquista,Pink hair,Hair Up / Indeterminate length,Purple-eyes,Teen
Shiomi,Reconquista,Purple hair,Past Waist length,Red-eyes,Teen
Midori Yasima,Reconquista,Blue / Green hair,Shoulders length,Orange-eyes,Teen
Celes Alford,Precious Last Summer Party,Pink hair,Shoulders length,Blue-eyes,Teen
Hotori Nojima,Precious Last Summer Party,Blonde / Yellow hair,Past Waist length,Red-eyes,Teen
Madoka Kobayakawa,Precious Last Summer Party,Pink hair,Shoulders length,Green-eyes,Teen
Miri Inui,Precious Last Summer Party,Blue hair,Shoulders length,Red-eyes,Teen
Yukako Shinonome,Precious Last Summer Party,Blonde / Yellow hair,Past Waist length,Purple-eyes,Teen
Ivis Lentil,Majokko a la Mode II ~ Hikari to Yami no Etranger ~,Blonde / Yellow hair,Waist length,Purple-eyes,Teen
Jessica Faience,Majokko a la Mode II ~ Hikari to Yami no Etranger ~,Blue hair,Past Waist length,Blue-eyes,Teen
Laiss,Majokko a la Mode II ~ Hikari to Yami no Etranger ~,Brown hair,Chest length,Brown-eyes,Teen
Mariemaia Glory,Majokko a la Mode II ~ Hikari to Yami no Etranger ~,Purple hair,Past Waist length,Blue / Green-eyes,Child
Mint Lentil,Majokko a la Mode II ~ Hikari to Yami no Etranger ~,Orange hair,Neck length,Purple-eyes,Teen
Mireille Brilliant,Majokko a la Mode II ~ Hikari to Yami no Etranger ~,Black hair,Waist length,Yellow-eyes,Teen
Akane Higurashi,Mai-HiME - The Genealogical Tree of Fate,Purple hair,Shoulders length,Red-eyes,Teen
Mashiro Kasahana,Mai-HiME - The Genealogical Tree of Fate,Black hair,Past Waist length,Green-eyes,Adult
Mai Tokiha,Mai-HiME - The Genealogical Tree of Fate,Gray hair,Shoulders length,Red-eyes,Teen
Mikoto Minagi,Mai-HiME - The Genealogical Tree of Fate,Purple hair,Past Waist length,Blue-eyes,Teen
Miyu Greer,Mai-HiME - The Genealogical Tree of Fate,Black hair,Neck length,Black-eyes,Teen
Mutsumi Kujou,Mai-HiME - The Genealogical Tree of Fate,Pink hair,Past Waist length,Yellow-eyes,Teen
Nagi Homura,Mai-HiME - The Genealogical Tree of Fate,Blonde / Yellow hair,Neck length,Blue-eyes,Child
Natsuki Kuga,Mai-HiME - The Genealogical Tree of Fate,Blonde / Yellow hair,Past Waist length,Red-eyes,Teen
Reito Kanzaki,Mai-HiME - The Genealogical Tree of Fate,Orange hair,Chest length,Green-eyes,Adult
Sakuya Amakawa,Mai-HiME - The Genealogical Tree of Fate,Orange hair,Shoulders length,Purple-eyes,Child
Alyssa Searrs,Mai-HiME - The Genealogical Tree of Fate,Red hair,Shoulders length,Green-eyes,Teen
Shizuru Fujino,Mai-HiME - The Genealogical Tree of Fate,Green hair,Shoulders length,Red-eyes,Teen
Midori Sugiura,Mai-HiME - The Genealogical Tree of Fate,Blonde / Yellow hair,Shoulders length,Green-eyes,Teen
Takumi,Mai-HiME - The Genealogical Tree of Fate,Brown hair,Chest length,Brown-eyes,Teen
Nao Yuuki,Mai-HiME - The Genealogical Tree of Fate,Black hair,Waist length,Blue-eyes,Teen
Kana,Lemon Canaria,Brown hair,Shoulders length,Gray-eyes,Teen
Karen,Lemon Canaria,Black hair,Waist length,Green-eyes,Teen
Ming,Lemon Canaria,Blonde / Yellow hair,Chest length,Green-eyes,Teen
Sakie Kiryuu,Lemon Canaria,Green hair,Chest length,Brown-eyes,Teen
Yuki,Lemon Canaria,Blonde / Yellow hair,Ears length,Black-eyes,Adult
Haruna Sagimoto,Last Order,Brown hair,Chest length,Green-eyes,Teen
Kanae Ogata,Last Order,Blonde / Yellow hair,Shoulders length,Blue-eyes,Teen
Manami Kondou,Last Order,Purple hair,Shoulders length,Purple-eyes,Adult
Toshihiko Nanjou,Last Order,Pink hair,Shoulders length,Pink-eyes,Teen
Natsuki Tomahara,Last Order,Purple hair,Past Waist length,Purple-eyes,Teen
Ryouko Mikage,Last Order,Purple hair,Past Waist length,Yellow-eyes,Teen
Tomoko Takayanagi,Last Order,Red hair,Past Waist length,Purple-eyes,Teen
Haruka Yumesaki,Saishuu Shiken Kujira,Purple hair,Shoulders length,Blue-eyes,Teen
Kaguya Kagura,Saishuu Shiken Kujira,White hair,Neck length,Purple-eyes,Child
Kujira no Shoujo / Sae Nagumo,Saishuu Shiken Kujira,Purple hair,Shoulders length,Blue-eyes,Teen
Kurumi Haibara,Saishuu Shiken Kujira,Blue hair,Waist length,Red-eyes,Child
Mika Motegi,Saishuu Shiken Kujira,Green hair,Shoulders length,Blue-eyes,Teen
Niina Mikage,Saishuu Shiken Kujira,Black hair,Chest length,Yellow-eyes,Teen
Yuka Motegi,Saishuu Shiken Kujira,Orange hair,Waist length,Blue-eyes,Teen
Yuu  Asakura,Konatayori Kanatamade,Orange hair,Shoulders length,Orange-eyes,Teen
Izumi Kashima,Konatayori Kanatamade,Purple hair,Neck length,Black-eyes,Teen
Hatae Kokonoe,Konatayori Kanatamade,Black hair,Chest length,Black-eyes,Adult
Christel 'Chris' V. Marie,Konatayori Kanatamade,Brown hair,Chest length,Red-eyes,Teen
Kanae Sakura,Konatayori Kanatamade,Maroon hair,Neck length,Blue-eyes,Teen
Kazushi Chikazawa,In The Warehouse,Gray hair,Neck length,Green-eyes,Teen
Yoriko Chikazawa,In The Warehouse,Green hair,Shoulders length,Not Visible-eyes,Teen
Yui Chikazawa ,In The Warehouse,Brown hair,Shoulders length,Green-eyes,Teen
Aki Tsuzuki,In The Warehouse,Blue hair,Past Waist length,Purple-eyes,Teen
Yuuki Tsuzuki,In The Warehouse,Purple hair,Shoulders length,Green-eyes,Teen
Kikyou Takahama,Kafu,Purple hair,Chest length,Yellow-eyes,Teen
Misaki Hishinuma,Kafu,Blonde / Yellow hair,Waist length,Purple-eyes,Teen
Rio Arakawa,Kafu,Black hair,Past Waist length,Black-eyes,Teen
Suzune Saginomiya,Kafu,Blonde / Yellow hair,Shoulders length,Green-eyes,Adult
Yayoi Kinoshita,Kafu,Blue hair,Past Waist length,Green-eyes,Teen
Asuka Shiratori,Izumo 2,Gray hair,Chest length,Yellow-eyes,Teen
Kotono Shiratori,Izumo 2,Brown hair,Neck length,Yellow-eyes,Teen
Meibel Nash,The Mystic Archives of Dantalian,Black hair,Ears length,Black-eyes,Teen
Sakuya,Izumo 2,Brown hair,Waist length,Brown-eyes,Teen
Seri Oosu,Izumo 2,Black hair,Neck length,Black-eyes,Teen
Takeru Yagi,Izumo 2,Brown hair,Shoulders length,Black-eyes,Teen
Takeshi Yamato,Izumo 2,Brown hair,Shoulders length,Brown-eyes,Teen
Ayumi Hiiragi,White Breath ~ With Faint Hope ~,Blonde / Yellow hair,Shoulders length,Brown-eyes,Child
Mio Ichinose,White Breath ~ With Faint Hope ~,Blonde / Yellow hair,Past Waist length,Blue-eyes,Teen
Nagisa Toomine,White Breath ~ With Faint Hope ~,Purple hair,Shoulders length,Brown-eyes,Teen
Nonoka Asaba,White Breath ~ With Faint Hope ~,Black hair,Neck length,Green-eyes,Teen
Chitose Komahashi,Little Little Election,Pink hair,Neck length,Brown-eyes,Teen
Aline Kozue,Hito Yume,Brown hair,Chest length,Green-eyes,Teen
Hikaru Takasegawa,Hito Yume,Green hair,Shoulders length,Orange-eyes,Adult
Mari Takadera,Hito Yume,Black hair,Past Waist length,Red-eyes,Teen
Miku Sakakibara,Hito Yume,Red hair,Chest length,Green-eyes,Adult
Mizuki Hiki,Hito Yume,Brown hair,Shoulders length,Green-eyes,Teen
Sawako Michigami,Hito Yume,Pink hair,Neck length,Brown-eyes,Teen
Seika Hata,Hito Yume,Blonde / Yellow hair,Shoulders length,Purple-eyes,Teen
Shinobu Usui,Hito Yume,Purple hair,Past Waist length,Red-eyes,Teen
Touko Makane,Hito Yume,Blue / Green hair,Ears length,Blue-eyes,Teen
Yui Sakakibara,Hito Yume,Blonde / Yellow hair,Past Waist length,Brown-eyes,Teen
Itaru Asuka,Bukatsu Kikaku,Purple hair,Shoulders length,Brown-eyes,Teen
Rin Ayashiro,Bukatsu Kikaku,Blue hair,Past Waist length,Brown-eyes,Teen
Ai Hoshiba,Bukatsu Kikaku,Blonde / Yellow hair,Neck length,Blue-eyes,Teen
Fumi Houzuki,Bukatsu Kikaku,Pink hair,Past Waist length,Pink-eyes,Teen
Kotoho Hozumi,Bukatsu Kikaku,Black hair,Past Waist length,Brown-eyes,Teen
Yuuho Hozumi,Bukatsu Kikaku,Green hair,Shoulders length,Red-eyes,Teen
Kaori Ichikawa,Bukatsu Kikaku,White hair,Past Waist length,Purple-eyes,Teen
Tsubasa Kakedori,Bukatsu Kikaku,Brown hair,Past Waist length,Green-eyes,Teen
Sayu Kiyomizu,Bukatsu Kikaku,Red hair,Past Waist length,Red-eyes,Teen
Keiko Kouguchi,Bukatsu Kikaku,Blue hair,Ears length,Purple-eyes,Teen
Maya Kurotaki,Bukatsu Kikaku,Blonde / Yellow hair,Past Waist length,Blue-eyes,Teen
Suzuri Mamagi,Bukatsu Kikaku,Maroon hair,Neck length,Purple-eyes,Teen
Mizue Masago,Bukatsu Kikaku,Blue hair,Ears length,Purple-eyes,Child
Mei Renjou,Bukatsu Kikaku,Pink hair,Neck length,Pink-eyes,Child
Shizuru Takiguchi,Bukatsu Kikaku,Orange hair,Waist length,Red-eyes,Child
Nagomi Toonone,Bukatsu Kikaku,White hair,Ears length,Purple-eyes,Child
Fubuki Suzutani,Little Little Election,Brown hair,Shoulders length,Brown-eyes,Teen
Yayoi Kashihara,Little Little Election,Brown hair,Past Waist length,Blue-eyes,Child
Sanae Ibuki,Little Little Election,Purple hair,Neck length,Red-eyes,Teen
Fuuna,Little Little Election,Green hair,Chest length,Purple-eyes,Adult
Yoshino Kasuga,White Breath ~ With Faint Hope ~,Purple hair,Chest length,Orange-eyes,Adult
Wakaba Suzutani,Little Little Election,Brown hair,Shoulders length,Green-eyes,Adult
Maho Fujimori,Hello Good-bye! ~ Otoko Tomodachi Onna Tomodachi ~,Blonde / Yellow hair,Past Waist length,Blue-eyes,Adult
Yuuna Hayase,Hello Good-bye! ~ Otoko Tomodachi Onna Tomodachi ~,Red hair,Neck length,Yellow-eyes,Teen
Sayo Kurokawa,Hello Good-bye! ~ Otoko Tomodachi Onna Tomodachi ~,Pink hair,Shoulders length,Green-eyes,Teen
Motoko Mizushima,Hello Good-bye! ~ Otoko Tomodachi Onna Tomodachi ~,Orange hair,Shoulders length,Orange-eyes,Teen
Manami Nakahara,Hello Good-bye! ~ Otoko Tomodachi Onna Tomodachi ~,Red hair,Past Waist length,Blue-eyes,Teen
Yoriko Takitou,Hello Good-bye! ~ Otoko Tomodachi Onna Tomodachi ~,Pink hair,Waist length,Purple-eyes,Teen
Mikuru Yura,Hello Good-bye! ~ Otoko Tomodachi Onna Tomodachi ~,Purple hair,Past Waist length,Yellow-eyes,Teen
Miyu Ayuchi,Devote 2 ~ Ikenai Houkago ~,Purple hair,Neck length,Purple-eyes,Adult
Mizuho Kasugai,Devote 2 ~ Ikenai Houkago ~,Green hair,Past Waist length,Brown-eyes,Teen
Noeri Nakae,Devote 2 ~ Ikenai Houkago ~,Gray hair,Neck length,Gray-eyes,Teen
Ryouko Kushiro,Devote 2 ~ Ikenai Houkago ~,Black hair,Ears length,Black-eyes,Adult
Shizuka Shindou,Devote 2 ~ Ikenai Houkago ~,Brown hair,Shoulders length,Gray-eyes,Teen
Urara Seto,Devote 2 ~ Ikenai Houkago ~,Black hair,Chest length,Red-eyes,Teen
Hijiri Nakahane,AR ~ Forgotten Summer ~,Brown hair,Chest length,Orange-eyes,Teen
Ken Sukitani,AR ~ Forgotten Summer ~,Blonde / Yellow hair,Shoulders length,Blue-eyes,Teen
Koji Kondo,AR ~ Forgotten Summer ~,White hair,Chest length,Red-eyes,Teen
Medes,AR ~ Forgotten Summer ~,Gray hair,Chest length,Red-eyes,Adult
Miyako Asuka,AR ~ Forgotten Summer ~,Gray hair,Waist length,Blue-eyes,Teen
Nana Matsuya,AR ~ Forgotten Summer ~,Gray hair,Ears length,Gray-eyes,Adult
Nameless girl,AR ~ Forgotten Summer ~,Black hair,Ears length,Black-eyes,Teen
Rou,AR ~ Forgotten Summer ~,Black hair,Neck length,Black-eyes,Teen
Rin Yoshino,AR ~ Forgotten Summer ~,Purple hair,Past Waist length,Purple-eyes,Teen
Seizo Sako,AR ~ Forgotten Summer ~,Blonde / Yellow hair,Ears length,Purple-eyes,Teen
Shou Sukitani,AR ~ Forgotten Summer ~,Purple hair,Waist length,Brown-eyes,Adult
Rou Ihagi,AR ~ Forgotten Summer ~,Gray hair,Past Waist length,Blue-eyes,Teen
Tsumire Shirakawa,AR ~ Forgotten Summer ~,Blue hair,Shoulders length,Red-eyes,Adult
Aleksei,Guren ni Somaru Gin no Rozario,Brown hair,Ears length,Blue-eyes,Teen
Clara Arisaka Weber,Guren ni Somaru Gin no Rozario,Pink hair,Chest length,Green-eyes,Teen
Mary Arisaka Weber,Guren ni Somaru Gin no Rozario,Purple hair,Chest length,Orange-eyes,Teen
Oniroku Godai,Guren ni Somaru Gin no Rozario,Purple hair,Chest length,Green-eyes,Teen
Shinnosuke Mochida ,Guren ni Somaru Gin no Rozario,Purple hair,Shoulders length,Blue-eyes,Adult
Kazuki Nakazato,Guren ni Somaru Gin no Rozario,Gray hair,Hair Up / Indeterminate length,Orange-eyes,Teen
Kanae Sakura,Guren ni Somaru Gin no Rozario,Green hair,Chest length,Purple-eyes,Teen
Nozomi Sakura,Guren ni Somaru Gin no Rozario,Pink hair,Chest length,Blue-eyes,Teen
Yukari Shinomiya,Guren ni Somaru Gin no Rozario,Blonde / Yellow hair,Past Waist length,Orange-eyes,Teen
Eriko Takatsuka,Guren ni Somaru Gin no Rozario,Purple hair,Chest length,Red-eyes,Teen
Ayase Iwamoto,Sweet Concert,Orange hair,Chest length,Green-eyes,Child
Hinako Fujisawa,Sweet Concert,Orange hair,Waist length,Red-eyes,Teen
Katsumi Arisuma,Sweet Concert,Blue hair,Past Waist length,Blue-eyes,Teen
Koyuki Nishikujou,Sweet Concert,Blue hair,Shoulders length,Blue-eyes,Teen
Marin Ichinose,Sweet Concert,Black hair,Past Waist length,Blue-eyes,Teen
Mutsuko Uehara,Sweet Concert,Red hair,Shoulders length,Brown-eyes,Teen
Nanase Iwamoto,Sweet Concert,Purple hair,Past Waist length,Yellow-eyes,Teen
Sae Shirakawa,Sweet Concert,Brown hair,Past Waist length,Pink-eyes,Teen
Tsukasa Mochizuki,Sweet Concert,White hair,Past Waist length,Green-eyes,Teen
Yuri Minami,Sweet Concert,Blonde / Yellow hair,Past Waist length,Red-eyes,Teen
Ichigo Suzumiya,Princess Witches,Pink hair,Past Waist length,Pink-eyes,Adult
Iincho,Princess Witches,Brown hair,Past Waist length,Red-eyes,Teen
Karen Kasuga,Princess Witches,Pink hair,Shoulders length,Yellow-eyes,Teen
Kururu (Kurushennu Roussel),Princess Witches,Brown hair,Neck length,Pink-eyes,Teen
Lilian-sensei,Princess Witches,Blonde / Yellow hair,Past Waist length,Red-eyes,Teen
Papirin,Princess Witches,Pink hair,Past Waist length,Pink-eyes,Teen
Ringo Suzumiya,Princess Witches,White hair,Chest length,Red-eyes,Teen
Cecilia Muesli,Princess Witches,Purple hair,Past Waist length,Green-eyes,Teen
Cynthia Roussel,Princess Witches,Blonde / Yellow hair,Past Waist length,Black-eyes,Teen
Lillian Tyrol,Princess Witches,Purple hair,Past Waist length,Yellow-eyes,Teen
Mavis Winslet,Princess Witches,Pink hair,Shoulders length,Red-eyes,Teen
Arisa Yuuki,Patishie na Nyanko,Brown hair,Past Waist length,Yellow-eyes,Teen
Fuyuka Anekouji,Patishie na Nyanko,Blonde / Yellow hair,Past Waist length,Green-eyes,Teen
Ichigo Suzumiya,Patishie na Nyanko,Purple hair,Past Waist length,Red-eyes,Teen
Kanade Serizawa,Patishie na Nyanko,Blue hair,Waist length,Yellow-eyes,Teen
Matsuri Yaguchi,Patishie na Nyanko,Pink hair,Shoulders length,Blue-eyes,Teen
Michiru Akizuki,Patishie na Nyanko,Blonde / Yellow hair,Past Waist length,Green-eyes,Teen
Mio,Patishie na Nyanko,Blonde / Yellow hair,Past Waist length,Blue-eyes,Teen
Ria Kujou,Twinkle Crusaders,Pink hair,Waist length,Pink-eyes,Teen
Azel,Twinkle Crusaders,Brown hair,Neck length,Red-eyes,Teen
Misa Brigitta Cristelis,Twinkle Crusaders,White hair,Ears length,Red-eyes,Teen
Lolotte Rosenkreutz,Twinkle Crusaders,Blue hair,Past Waist length,Yellow-eyes,Teen
Nanaka Yuugiri,Twinkle Crusaders,Purple hair,Neck length,Red-eyes,Teen
Shin Sakura,Twinkle Crusaders,Green hair,Past Waist length,Green-eyes,Teen
Sally,Twinkle Crusaders,Pink hair,Chest length,Blue-eyes,Teen
Helena Kujou,Twinkle Crusaders,Orange hair,Chest length,Red-eyes,Teen
Melilot,Twinkle Crusaders,Blonde / Yellow hair,Waist length,Yellow-eyes,Teen
Riesling Tooyama,Twinkle Crusaders,Blue hair,Shoulders length,Blue-eyes,Teen
Arika Minamoto,Orange Pocket,Purple hair,Waist length,Purple-eyes,Teen
Eru Kurosaki,Orange Pocket,Orange hair,Shoulders length,Blue-eyes,Teen
Haya Maebara,Orange Pocket,Blonde / Yellow hair,Past Waist length,Red-eyes,Teen
Kiriko Kaminuma,Orange Pocket,Blonde / Yellow hair,Shoulders length,Red-eyes,Teen
Korone Kawanami,Orange Pocket,Black hair,Past Waist length,Blue-eyes,Teen
Madoka Omigawa,Orange Pocket,Blonde / Yellow hair,Shoulders length,Green-eyes,Child
Minori Nanao,Orange Pocket,Gray hair,Waist length,Blue-eyes,Teen
Nazuna Ayase,Orange Pocket,Green hair,Ears length,Red-eyes,Teen
Sakino Fujiki,Orange Pocket,Black hair,Chest length,Blue-eyes,Teen
Yuuki Ayase,Orange Pocket,Blonde / Yellow hair,Chest length,Blue-eyes,Teen
Kazune Tachihara,Konneko,Purple hair,Past Waist length,Green-eyes,Teen
Miki Kirihara,Konneko,Blonde / Yellow hair,Past Waist length,Brown-eyes,Teen
Mana Sakurai,Konneko,Pink hair,Shoulders length,Purple-eyes,Teen
Mizuha Kawahara,Konneko,Blue hair,Chest length,Purple-eyes,Teen
Nako Yuki,Konneko,Pink hair,Shoulders length,Purple-eyes,Child
Nanami Minamino,Konneko,Blonde / Yellow hair,Chest length,Blue-eyes,Teen
Touka Kawahara,Konneko,Orange hair,Neck length,Green-eyes,Adult
Tomoko Fujinami ,Canvas 2 ~Niji-iro no Sketch~,Blue hair,Past Waist length,Orange-eyes,Teen
Kana Hagino,Canvas 2 ~Niji-iro no Sketch~,Purple hair,Past Waist length,Purple-eyes,Adult
Eris Housen,Canvas 2 ~Niji-iro no Sketch~,Blue hair,Neck length,Yellow-eyes,Adult
Kiri Kikyou,Canvas 2 ~Niji-iro no Sketch~,Green hair,Shoulders length,Brown-eyes,Teen
Sumire Misaki,Canvas 2 ~Niji-iro no Sketch~,Red hair,Chest length,Red-eyes,Adult
Saya Sakinomiya,Canvas 2 ~Niji-iro no Sketch~,Brown hair,Shoulders length,Brown-eyes,Teen
Shie Sugihara,Canvas 2 ~Niji-iro no Sketch~,Blue hair,Shoulders length,Red-eyes,Teen
Mami Takeuchi,Canvas 2 ~Niji-iro no Sketch~,Red hair,Neck length,Blue-eyes,Teen
Mitsuki Sagara,Cherish Pizza wa Ikaga Desu ka,Orange hair,Shoulders length,Green-eyes,Teen
Kayo Sakurai,Cherish Pizza wa Ikaga Desu ka,Blue / Green hair,Shoulders length,Blue-eyes,Teen
Itsumi Sumikawa,Cherish Pizza wa Ikaga Desu ka,Purple hair,Shoulders length,Green-eyes,Teen
Yuka Sumikawa,Cherish Pizza wa Ikaga Desu ka,Blonde / Yellow hair,Waist length,Blue-eyes,Teen
Konomi Suzue,Cherish Pizza wa Ikaga Desu ka,Black hair,Past Waist length,Black-eyes,Teen
Satsuki Yanase,Lover Able,Brown hair,Shoulders length,Brown-eyes,Teen
Mikkun (Kanako Saeki),D.C.P.C. ~Da Capo Plus Communication~,Purple hair,Neck length,Blue-eyes,Teen
Chinatsu Kotomiya,Lover Able,Black hair,Past Waist length,Blue-eyes,Teen
Sayaka Shirakawa,Wet Summer Days,Pink hair,Shoulders length,Pink-eyes,Teen
Moe Kamishiro,Wet Summer Days,Blue / Green hair,Waist length,Pink-eyes,Teen
Tomo-chan (Tomoko Morikawa),D.C.P.C. ~Da Capo Plus Communication~,Pink hair,Waist length,Purple-eyes,Teen
Itsuki Minase,Wet Summer Days,Green hair,Waist length,Purple-eyes,Teen
Tsugumi Himeno,Lover Able,Brown hair,Chest length,Green-eyes,Teen
Mitsumi Arisugawa,Virtual Call Chronicle,Pink hair,Past Waist length,Purple-eyes,Teen
Ayaka Fujishima,Virtual Call Chronicle,Red hair,Past Waist length,Green-eyes,Teen
Purishia,Virtual Call Chronicle,Black hair,Waist length,Red-eyes,Teen
Emily Osanai,Virtual Call Chronicle,Brown hair,Shoulders length,Purple-eyes,Teen
Windy,Virtual Call Chronicle,Gray hair,Past Waist length,Blue-eyes,Teen
Hikaru Katsuki,Jewels Ocean,Brown hair,Past Waist length,Green-eyes,Teen
Kira Kotoshiro,Jewels Ocean,Blue hair,Shoulders length,Red-eyes,Teen
Kohaku Takehara,Jewels Ocean,Blue hair,Neck length,Red-eyes,Teen
Ruri Yasakano,Jewels Ocean,Brown hair,Ears length,Blue-eyes,Teen
Shinju Kusakabe,Jewels Ocean,Brown hair,Neck length,Brown-eyes,Senior
Suseri Amahara,Jewels Ocean,Gray hair,Chest length,Blue-eyes,Adult
Takeru Ashiwara,Jewels Ocean,Blonde / Yellow hair,Waist length,Green-eyes,Adult
Masashi Toogaito,Hyou-ka: You Can't Escape,Gray hair,Ears length,Yellow-eyes,Adult
Youko Itoigawa,Hyou-ka: You Can't Escape,Brown hair,Past Waist length,Yellow-eyes,Adult
Fudoh,Ten Bushuu ni Iyasare,Red hair,Waist length,Blue-eyes,Teen
Aizen,Ten Bushuu ni Iyasare,Brown hair,Neck length,Green-eyes,Teen
Jikoku,Ten Bushuu ni Iyasare,Green hair,Waist length,Blue-eyes,Teen
Yasha,Ten Bushuu ni Iyasare,Black hair,Past Waist length,Black-eyes,Teen
Kotori Shirakawa,D.C. Summer Vacation / Da Capo Summer Vacation,Brown hair,Shoulders length,Blue-eyes,Teen
Nemu Asakura,D.C. ~Da Capo~,Blonde / Yellow hair,Past Waist length,Green-eyes,Teen
Nanako Saitama,D.C.S.S: Da Capo Second Season,Black hair,Past Waist length,Purple-eyes,Teen
Tamaki Konomiya,D.C. Summer Vacation / Da Capo Summer Vacation,Gray hair,Chest length,Yellow-eyes,Teen
Ai Takaha,Miraroma ~ Miracle Romance Strawberry Scramble,Purple hair,Chest length,Red-eyes,Teen
Erika Seihouin,Miraroma ~ Miracle Romance Strawberry Scramble,Brown hair,Chest length,Green-eyes,Teen
Kaede Tsukimiya,Miraroma ~ Miracle Romance Strawberry Scramble,Blue hair,Past Waist length,Yellow-eyes,Teen
Mari Arima,Miraroma ~ Miracle Romance Strawberry Scramble,Blonde / Yellow hair,Chest length,Red-eyes,Teen
Yukie Yuuki,Miraroma ~ Miracle Romance Strawberry Scramble,Black hair,Neck length,Black-eyes,Teen
Ai,Argonauts,Blonde / Yellow hair,Neck length,Blue-eyes,Teen
Ayame,Argonauts,White hair,Ears length,Green-eyes,Teen
Chise,Argonauts,Red hair,Past Waist length,Green-eyes,Teen
Hikaru,Argonauts,Blue hair,Neck length,Green-eyes,Teen
Non,Argonauts,Blonde / Yellow hair,Chest length,Blue-eyes,Teen
Tomani,Argonauts,Green hair,Neck length,Blue-eyes,Teen
Mizuki Chitose,Angel Wish ~ Houkago no Meshitsukai ni Chu! ~,Blonde / Yellow hair,Past Waist length,Gray-eyes,Child
Nanami Kidosaki,Angel Wish ~ Houkago no Meshitsukai ni Chu! ~,Brown hair,Shoulders length,Purple-eyes,Child
Rikka Kurihira,Angel Wish ~ Houkago no Meshitsukai ni Chu! ~,Purple hair,Waist length,Yellow-eyes,Child
Sachi Kitami,Angel Wish ~ Houkago no Meshitsukai ni Chu! ~,Maroon hair,Past Waist length,Purple-eyes,Teen
Suzune Merveillex,Angel Wish ~ Houkago no Meshitsukai ni Chu! ~,Brown hair,Shoulders length,Purple-eyes,Teen
Yui Kouda,Angel Wish ~ Houkago no Meshitsukai ni Chu! ~,Black hair,Past Waist length,Blue-eyes,Teen
Yukina Chitose,Angel Wish ~ Houkago no Meshitsukai ni Chu! ~,Pink hair,Past Waist length,Blue-eyes,Teen
Mizuki Kirishima,Aneimo 2 ~ Second Stage ~,Brown hair,Chest length,Blue-eyes,Adult
Satsuki Kirishima,Aneimo 2 ~ Second Stage ~,Brown hair,Neck length,Blue-eyes,Teen
Saori Shirakawa,Aneimo 2 ~ Second Stage ~,Black hair,Neck length,Black-eyes,Teen
Yui Shirakawa,Aneimo 2 ~ Second Stage ~,Black hair,Neck length,Purple-eyes,Teen
Kazumi Hirasawa,Aneimo 2 ~ Second Stage ~,Black hair,Ears length,Black-eyes,Adult
Yuki Hirasawa,Aneimo 2 ~ Second Stage ~,Brown hair,Hair Up / Indeterminate length,Blue-eyes,Teen
Jun Kusaka,Aneimo 2 ~ Second Stage ~,Black hair,Ears length,Black-eyes,Adult
Yuuko Kasori,Aneimo 2 ~ Second Stage ~,Blonde / Yellow hair,Past Waist length,Purple-eyes,Teen
Kazuyoshi Onodera,Aneimo 2 ~ Second Stage ~,Blue / Green hair,Past Waist length,Yellow-eyes,Teen
Miwa Onodera,Aneimo 2 ~ Second Stage ~,Purple hair,Neck length,Green-eyes,Child
Hayato Kirishima,Aneimo 2 ~ Second Stage ~,Orange hair,Neck length,Purple-eyes,Teen
Ellen Silvana,Majokko a la Mode,Black hair,Past Waist length,Red-eyes,Teen
Horun Suteiburu,Majokko a la Mode,Orange hair,Shoulders length,Green-eyes,Teen
Milky Milcock,Majokko a la Mode,Blonde / Yellow hair,Neck length,Yellow-eyes,Teen
Nana,Majokko a la Mode,Green hair,Past Waist length,Blue-eyes,Teen
Rydia Arsenal,Majokko a la Mode,Blue hair,Neck length,Blue-eyes,Teen
Silvia Aizet,Majokko a la Mode,Gray hair,Past Waist length,Pink-eyes,Teen
Ilias,Zwei Worter,Pink hair,Past Waist length,Green-eyes,Teen
Piano Zerono,Zwei Worter,Blue hair,Neck length,Purple-eyes,Teen
Sakuya Wadatsumi,Zwei Worter,Blonde / Yellow hair,Waist length,Pink-eyes,Teen
Toryariya Illuda,Zwei Worter,Red hair,Neck length,Green-eyes,Teen
Yukie Gouri,Zwei Worter,Orange hair,Waist length,Orange-eyes,Teen
Wakaba Hasebe,Aikagi 2 ~Nureta Kami wa Kawaku Maeni~,Blonde / Yellow hair,Neck length,Blue-eyes,Teen
Naho Ibuki,Aikagi 2 ~Nureta Kami wa Kawaku Maeni~,Red hair,Past Waist length,Brown-eyes,Teen
Shiori Ibuki,Aikagi 2 ~Nureta Kami wa Kawaku Maeni~,Blue hair,Neck length,Blue-eyes,Teen
Akira Yamaoka,Aries,Purple hair,Neck length,Red-eyes,Teen
Angel Ami,Aries,Brown hair,Waist length,Purple-eyes,Teen
Inaho Sakura,Aries,Black hair,Waist length,Blue-eyes,Teen
Kaori Tsukishima,Aries,Gray hair,Neck length,Green-eyes,Teen
Rinrin Rin,Aries,fatal error,fatal,Red-eyes,Adult
Runa Nanao,Aries,Gray hair,Neck length,Blue-eyes,Adult
Taeko Nonomura,Aries,Pink hair,Shoulders length,Green-eyes,Teen
Acty Axel,Prism Ark,Orange hair,Shoulders length,Purple-eyes,Teen
Apostate monk,Prism Ark,Green hair,Past Waist length,Yellow-eyes,Teen
Ba-dore,Prism Ark,Blonde / Yellow hair,Chest length,Blue / Green-eyes,Teen
Fel,Prism Ark,White hair,Past Waist length,Purple-eyes,Adult
Filia,Prism Ark,Pink hair,Past Waist length,Blue-eyes,Teen
Ein,Prism Ark,Blonde / Yellow hair,Shoulders length,Blue-eyes,Child
Fritz,Prism Ark,fatal error,fatal,Red-eyes,Adult
Judas,Prism Ark,Blonde / Yellow hair,Shoulders length,Red-eyes,Teen
Juliana,Prism Ark,Gray hair,Past Waist length,Purple-eyes,Teen
Jung von Ferdinand,Prism Ark,Pink hair,Past Waist length,Blue-eyes,Teen
Gerot,Prism Ark,Blonde / Yellow hair,Past Waist length,Brown-eyes,Adult
Hyaweh,Prism Ark,Red hair,Ears length,Brown-eyes,Child
Kagura,Prism Ark,Green hair,Waist length,Green-eyes,Child
Karin Mibu,Prism Ark,Blue hair,Neck length,Red-eyes,Child
Kizarov von Rosenberg,Prism Ark,Orange hair,Shoulders length,Blue-eyes,Child
Ete,Prism Ark,Blonde / Yellow hair,Neck length,Blue-eyes,Child
Litte Ratus,Prism Ark,Blonde / Yellow hair,Past Waist length,Purple-eyes,Child
Meto,Prism Ark,Blonde / Yellow hair,Past Waist length,Green-eyes,Teen
Win,Prism Ark,Blue / Green hair,Neck length,Blue / Green-eyes,Child
Oel,Prism Ark,Purple hair,Past Waist length,Red-eyes,Child
Palty,Prism Ark,Blonde / Yellow hair,Shoulders length,Green-eyes,Teen
Priecia,Prism Ark,Blonde / Yellow hair,Shoulders length,Red-eyes,Teen
Sakrifisu Ratousu,Prism Ark,Purple hair,Past Waist length,Purple-eyes,Teen
Shall,Prism Ark,Brown hair,Shoulders length,Brown-eyes,Adult
Sheira,Prism Ark,Green hair,Shoulders length,Purple-eyes,Teen
Sister Hell,Prism Ark,Brown hair,Shoulders length,Brown-eyes,Teen
Hitomi Sakae,Kansen ~ Inyoku no Rensa ~,Brown hair,Ears length,Brown-eyes,Teen
Lisa Shindou,Kansen ~ Inyoku no Rensa ~,Pink hair,Chest length,Green-eyes,Teen
Tomomi Igarashi,Kansen ~ Inyoku no Rensa ~,Brown hair,Neck length,Brown-eyes,Teen
Yuu Yamagishi,Kansen ~ Inyoku no Rensa ~,Purple hair,Shoulders length,Brown-eyes,Teen
Yuuji Tanaka,Kansen ~ Inyoku no Rensa ~,Blonde / Yellow hair,Chest length,Blue-eyes,Teen
Hinagiku,R.U.R.U.R. ~This child shall at least receive the stars~,Blue hair,Shoulders length,Red-eyes,Teen
Ichihiko,R.U.R.U.R. ~This child shall at least receive the stars~,White hair,Past Waist length,Purple-eyes,Teen
Kobatomugi,R.U.R.U.R. ~This child shall at least receive the stars~,Gray hair,Ears length,Purple-eyes,Adult
Mizubasyou,R.U.R.U.R. ~This child shall at least receive the stars~,Black hair,Waist length,Red-eyes,Adult
Shirotsumegusa,R.U.R.U.R. ~This child shall at least receive the stars~,Maroon hair,Ears length,Blue-eyes,Teen
R-Tanpopo,R.U.R.U.R. ~This child shall at least receive the stars~,Green hair,Ears length,White-eyes,Adult
Yoshiyuki Asou,Jingi Naki Otome,Maroon hair,Ears length,Blue-eyes,Teen
Jin Haitani,Jingi Naki Otome,Green hair,Neck length,Orange-eyes,Adult
Keigo Amane,Jingi Naki Otome,Blonde / Yellow hair,Ears length,Blue-eyes,Adult
Taisei Kitagawa,Jingi Naki Otome,Black hair,Ears length,Not Visible-eyes,Adult
Lethe,Jingi Naki Otome,Brown hair,Chest length,Purple-eyes,Teen
Ichirou Mutou,Jingi Naki Otome,Green hair,Chest length,Yellow-eyes,Teen
Ryuu Nayuta,Jingi Naki Otome,Blue hair,Chest length,Red-eyes,Teen
Eiji Smith,Jingi Naki Otome,Orange hair,Neck length,Purple-eyes,Teen
Akina Komine,ONE BOKU Faraway so close,Orange hair,Chest length,Purple-eyes,Teen
Chiri Komine,ONE BOKU Faraway so close,Red hair,Neck length,Orange-eyes,Teen
Mitsuru Komine,ONE BOKU Faraway so close,Blue hair,Past Waist length,Brown-eyes,Teen
Natsuko Komine,ONE BOKU Faraway so close,Orange hair,Past Waist length,Purple-eyes,Teen
Kaho Miyamori,Shakkin Shimai,Pink hair,Past Waist length,Pink-eyes,Child
Kasumi Miyamori,Shakkin Shimai,Black hair,Shoulders length,Red-eyes,Teen
Suzune Shirakura,Pretty Fiancee,Purple hair,Waist length,Green-eyes,Teen
Akira Kawana,Pretty Fiancee,Red hair,Chest length,Yellow-eyes,Teen
Melody Shirakura,Pretty Fiancee,Green hair,Neck length,Orange-eyes,Teen
Hakiku,Ouka,Blonde / Yellow hair,Past Waist length,Blue-eyes,Teen
Aya Furusaka,Ouka,Blue hair,Past Waist length,Yellow-eyes,Teen
Natsuki Okazaki,Ouka,Blue hair,Shoulders length,Red-eyes,Teen
Mina Konya,Ouka,Gray hair,Waist length,Yellow-eyes,Adult
Sorune,Ouka,White hair,Shoulders length,Red-eyes,Teen
Sakuya,Ouka,Blonde / Yellow hair,Shoulders length,Blue-eyes,Teen
Tsukuyo,Ouka,Purple hair,Neck length,Purple-eyes,Teen
